City_ID,City,Lat,Lng,Max Temp,Humidity,Cloudiness,Wind Speed,Country,Date
0,Broome,42.2506,-75.833,60.01,28,1,12.66,US,2021-04-23 21:06:35
1,Ushuaia,-54.8,-68.3,42.8,87,75,4.61,AR,2021-04-23 21:04:04
2,Albany,42.6001,-73.9662,60.01,22,5,4.0,US,2021-04-23 21:05:29
3,Katsuura,35.1333,140.3,53.01,76,40,6.91,JP,2021-04-23 21:06:36
4,Mataura,-46.1927,168.8643,45.0,95,53,1.99,NZ,2021-04-23 21:06:36
5,Hobart,-42.8794,147.3294,51.8,71,75,8.05,AU,2021-04-23 21:06:16
6,Erzin,36.9559,36.2,66.0,79,94,3.6,TR,2021-04-23 21:06:36
7,Punta Arenas,-53.15,-70.9167,46.4,93,75,3.44,CL,2021-04-23 21:05:59
8,Rikitea,-23.1203,-134.9692,79.09,67,100,17.78,PF,2021-04-23 21:06:37
9,Krasnoselkup,65.7,82.4667,29.57,88,90,17.22,RU,2021-04-23 21:06:37
10,Bluff,-46.6,168.3333,45.0,95,76,1.99,NZ,2021-04-23 21:06:37
11,Narsaq,60.9167,-46.05,46.4,49,1,8.05,GL,2021-04-23 21:02:56
12,Umuarama,-23.7664,-53.325,71.89,55,0,4.7,BR,2021-04-23 21:06:38
13,Saint-Philippe,-21.3585,55.7679,77.0,73,75,5.75,RE,2021-04-23 21:06:38
14,Mecca,21.4267,39.8261,83.73,36,18,2.39,SA,2021-04-23 21:03:01
15,Clyde River,70.4692,-68.5914,17.6,100,90,5.75,CA,2021-04-23 21:06:38
16,Ilulissat,69.2167,-51.1,37.4,65,100,2.3,GL,2021-04-23 21:06:39
17,Jamestown,42.097,-79.2353,55.4,30,1,17.27,US,2021-04-23 21:06:39
18,Busselton,-33.65,115.3333,62.01,75,99,5.93,AU,2021-04-23 21:06:39
19,Cape Town,-33.9258,18.4232,59.0,82,0,5.75,ZA,2021-04-23 21:05:06
20,Pisco,-13.7,-76.2167,69.8,73,0,11.5,PE,2021-04-23 21:06:40
21,Dukat,62.55,155.55,21.33,94,100,2.33,RU,2021-04-23 21:06:40
22,Manbij,36.5281,37.9549,53.6,54,0,4.32,SY,2021-04-23 21:06:40
23,Victor Harbor,-35.5667,138.6167,51.01,90,32,5.35,AU,2021-04-23 21:06:40
24,Dikson,73.5069,80.5464,32.14,97,100,19.01,RU,2021-04-23 21:06:41
25,Vaini,-21.2,-175.2,80.6,89,20,2.3,TO,2021-04-23 21:06:41
26,Aklavik,68.2191,-135.0107,33.8,51,75,4.61,CA,2021-04-23 21:06:41
27,Shingu,33.7333,135.9833,57.38,72,100,2.93,JP,2021-04-23 21:06:41
28,Chuy,-33.6971,-53.4616,67.78,81,23,13.67,UY,2021-04-23 21:06:42
29,Havelock,34.8791,-76.9013,64.4,36,40,13.8,US,2021-04-23 21:06:42
30,Thompson,55.7435,-97.8558,26.6,54,90,13.8,CA,2021-04-23 21:06:42
31,Praia Da Vitoria,38.7333,-27.0667,59.0,67,40,35.05,PT,2021-04-23 21:06:43
32,Lebu,-37.6167,-73.65,57.76,81,41,7.87,CL,2021-04-23 21:06:43
33,Hambantota,6.1241,81.1185,79.99,81,78,8.08,LK,2021-04-23 21:06:43
34,Panama City,8.9936,-79.5197,86.0,74,40,11.5,PA,2021-04-23 21:03:20
35,Luanda,-8.8368,13.2343,77.0,88,75,3.44,AO,2021-04-23 21:06:37
36,Atuona,-9.8,-139.0333,80.11,80,28,22.08,PF,2021-04-23 21:06:44
37,Mae Sot,16.7167,98.5667,74.98,95,92,1.97,TH,2021-04-23 21:06:44
38,Hermanus,-34.4187,19.2345,57.99,83,99,4.41,ZA,2021-04-23 21:06:44
39,Avarua,-21.2078,-159.775,82.4,74,75,16.11,CK,2021-04-23 21:06:45
40,Nouakchott,18.0858,-15.9785,66.2,88,4,13.8,MR,2021-04-23 21:06:45
41,Kamenka,51.3223,42.7678,42.01,94,9,7.14,RU,2021-04-23 21:06:45
42,Barahona,18.2085,-71.1008,84.2,79,20,18.41,DO,2021-04-23 21:06:45
43,Mahebourg,-20.4081,57.7,78.8,78,75,10.36,MU,2021-04-23 21:06:46
44,Amga,60.8953,131.9608,21.0,93,99,6.24,RU,2021-04-23 21:06:46
45,Castro,-24.7911,-50.0119,59.77,72,6,3.67,BR,2021-04-23 21:06:46
46,Bredasdorp,-34.5322,20.0403,50.0,93,99,4.61,ZA,2021-04-23 21:06:47
47,The Woodlands,30.158,-95.4894,73.99,94,90,12.66,US,2021-04-23 21:06:47
48,Trairi,-3.2778,-39.2689,79.52,80,100,9.37,BR,2021-04-23 21:06:47
49,Touros,-5.1989,-35.4608,84.2,70,20,11.5,BR,2021-04-23 21:02:55
50,Upernavik,72.7868,-56.1549,32.94,77,100,6.42,GL,2021-04-23 21:06:47
51,Sakaiminato,35.55,133.2333,50.0,100,75,1.14,JP,2021-04-23 21:05:13
52,Korla,41.7597,86.1469,44.55,61,45,10.83,CN,2021-04-23 21:06:48
53,Quatre Cocos,-20.2078,57.7625,79.0,78,75,10.36,MU,2021-04-23 21:06:48
54,Puerto Ayora,-0.7393,-90.3518,84.2,70,20,17.27,EC,2021-04-23 21:06:17
55,Petrolina,-9.3986,-40.5008,78.8,83,0,5.75,BR,2021-04-23 21:06:48
56,Ahuimanu,21.4447,-157.8378,82.4,65,75,9.22,US,2021-04-23 21:03:17
57,Kapaa,22.0752,-159.319,80.6,65,20,17.27,US,2021-04-23 21:04:10
58,Nouadhibou,20.931,-17.0347,66.2,77,0,18.41,MR,2021-04-23 21:06:49
59,Tasiilaq,65.6145,-37.6368,37.4,48,75,4.61,GL,2021-04-23 21:06:49
60,Port Alfred,-33.5906,26.891,66.51,73,0,21.39,ZA,2021-04-23 21:06:49
61,Dunedin,-45.8742,170.5036,55.99,88,55,3.0,NZ,2021-04-23 21:05:05
62,Saskylakh,71.9167,114.0833,33.58,96,100,18.95,RU,2021-04-23 21:06:50
63,Phan Thiet,10.9333,108.1,77.38,83,89,5.82,VN,2021-04-23 21:06:50
64,Abeche,13.8292,20.8324,88.47,13,50,10.51,TD,2021-04-23 21:06:50
65,Kodiak,57.79,-152.4072,39.2,87,90,5.75,US,2021-04-23 21:06:51
66,Tiksi,71.6872,128.8694,4.64,98,97,7.18,RU,2021-04-23 21:06:51
67,Jacareacanga,-6.2222,-57.7528,79.72,94,80,0.98,BR,2021-04-23 21:06:51
68,Filipesti,46.75,26.8833,39.2,93,0,3.44,RO,2021-04-23 21:06:51
69,Poya,-21.35,165.15,76.91,84,92,3.85,NC,2021-04-23 21:06:52
70,Wenling,28.3669,121.36,68.0,79,86,6.22,CN,2021-04-23 21:06:52
71,Jiaozuo,35.2397,113.2331,57.47,75,100,4.25,CN,2021-04-23 21:06:52
72,Moree,-29.4667,149.85,46.4,81,24,8.05,AU,2021-04-23 21:06:53
73,Coos Bay,43.3665,-124.2179,55.0,66,1,10.36,US,2021-04-23 21:05:53
74,Broken Hill,-31.95,141.4333,48.2,76,61,7.92,AU,2021-04-23 21:06:53
75,Tuktoyaktuk,69.4541,-133.0374,14.0,67,75,11.5,CA,2021-04-23 21:05:17
76,Port Elizabeth,-33.918,25.5701,62.6,88,40,9.22,ZA,2021-04-23 21:06:53
77,Corowa,-36.0333,146.3833,39.99,93,11,2.8,AU,2021-04-23 21:06:54
78,Lavrentiya,65.5833,-171.0,32.47,74,29,0.96,RU,2021-04-23 21:02:18
79,Buraydah,26.326,43.975,84.2,17,0,6.91,SA,2021-04-23 21:06:54
80,Les Trois-Ilets,14.539,-61.0361,84.2,61,20,13.8,MQ,2021-04-23 21:06:54
81,Gaoua,10.2992,-3.2508,88.57,38,89,8.63,BF,2021-04-23 21:02:17
82,Wawa,9.9022,4.4192,85.24,54,69,4.83,NG,2021-04-23 21:06:55
83,Marzuq,14.4,46.4667,70.3,58,12,5.73,YE,2021-04-23 21:06:55
84,Maragogi,-9.0122,-35.2225,78.82,79,1,7.02,BR,2021-04-23 21:02:56
85,Labuhan,-6.8844,112.2051,75.58,84,11,5.3,ID,2021-04-23 21:06:55
86,Hofn,64.2539,-15.2082,44.6,87,75,2.3,IS,2021-04-23 21:06:56
87,Lagoa,39.05,-27.9833,57.81,74,10,33.64,PT,2021-04-23 21:06:56
88,Airai,-8.9266,125.4092,57.18,88,25,2.64,TL,2021-04-23 21:06:56
89,New Norfolk,-42.7826,147.0587,51.01,87,97,1.01,AU,2021-04-23 21:06:27
90,Kahului,20.8947,-156.47,80.6,61,40,20.71,US,2021-04-23 21:03:46
91,Mpika,-11.8343,31.4529,58.37,96,1,4.21,ZM,2021-04-23 21:06:57
92,Przhevalskoye,55.5093,31.8482,35.26,86,63,4.52,RU,2021-04-23 21:06:57
93,Hilo,19.7297,-155.09,75.2,73,90,6.91,US,2021-04-23 21:06:57
94,Gorin,51.1983,136.6669,32.79,70,94,4.63,RU,2021-04-23 21:06:57
95,Bilibino,68.0546,166.4372,18.23,87,100,4.07,RU,2021-04-23 21:06:58
96,Tolmezzo,46.4075,13.0175,55.99,68,1,4.43,IT,2021-04-23 21:06:58
97,Jieshi,22.8134,115.8257,71.38,84,1,10.87,CN,2021-04-23 21:06:58
98,Esperance,-33.8667,121.9,55.4,94,95,11.5,AU,2021-04-23 21:06:59
99,Tiznit,29.5833,-9.5,60.78,62,63,6.24,MA,2021-04-23 21:06:59
100,Viedma,-40.8135,-62.9967,68.83,41,58,7.58,AR,2021-04-23 21:06:59
101,Qaqortoq,60.7167,-46.0333,46.4,49,3,8.05,GL,2021-04-23 21:06:59
102,Riyadh,24.6877,46.7219,82.4,13,0,5.75,SA,2021-04-23 21:06:34
103,Flint,43.0125,-83.6875,60.8,29,75,17.27,US,2021-04-23 21:02:54
104,Arica,-18.475,-70.3042,69.8,64,0,12.66,CL,2021-04-23 21:07:00
105,Kokopo,-4.352,152.2633,76.69,86,99,1.14,PG,2021-04-23 21:07:00
106,Port Lincoln,-34.7333,135.8667,58.75,75,74,3.8,AU,2021-04-23 21:07:00
107,Anadyr,64.75,177.4833,12.2,92,0,6.71,RU,2021-04-23 21:07:01
108,Mazamari,-11.3258,-74.5308,85.77,55,49,1.01,PE,2021-04-23 21:07:01
109,Bantogon,6.5333,124.0333,78.13,80,100,3.13,PH,2021-04-23 21:07:01
110,Saint George,37.1041,-113.5841,79.0,10,1,18.41,US,2021-04-23 21:07:00
111,Mayo,38.8876,-76.5119,63.0,29,1,6.91,US,2021-04-23 21:07:02
112,Nikolskoye,59.7035,30.7861,41.0,75,40,6.71,RU,2021-04-23 21:07:02
113,Butaritari,3.0707,172.7902,82.51,75,92,10.85,KI,2021-04-23 21:07:02
114,Georgetown,5.4112,100.3354,79.0,89,40,3.44,MY,2021-04-23 21:07:03
115,San Andres,12.5847,-81.7006,86.0,62,20,11.5,CO,2021-04-23 21:07:03
116,Aberdeen,57.1437,-2.0981,42.8,87,100,2.3,GB,2021-04-23 21:02:47
117,Qasigiannguit,68.8193,-51.1922,37.4,65,84,2.3,GL,2021-04-23 21:04:14
118,Jumla,29.2747,82.1838,45.66,79,92,6.2,NP,2021-04-23 21:07:03
119,Ternate,0.8,127.4,81.39,78,85,4.56,ID,2021-04-23 21:07:04
120,Bonfim,3.0833,-59.95,89.71,47,75,9.62,BR,2021-04-23 21:07:04
121,Provideniya,64.3833,-173.3,39.0,60,89,3.78,RU,2021-04-23 21:07:04
122,Esil,51.9556,66.4042,42.98,42,100,15.77,KZ,2021-04-23 21:07:04
123,Grand Gaube,-20.0064,57.6608,78.01,79,99,5.01,MU,2021-04-23 21:03:08
124,Yellowknife,62.456,-114.3525,16.0,53,75,11.5,CA,2021-04-23 21:07:05
125,Ixtapa,20.7,-105.2,84.2,61,1,11.5,MX,2021-04-23 21:02:08
126,Severo-Kurilsk,50.6789,156.125,35.67,93,99,7.76,RU,2021-04-23 21:07:05
127,Yanam,16.7333,82.2167,76.41,83,99,2.13,IN,2021-04-23 21:07:05
128,Zhob,31.3411,69.4481,64.0,43,0,1.7,PK,2021-04-23 21:07:06
129,Klyuchi,52.2667,79.1667,32.4,65,3,7.49,RU,2021-04-23 21:07:06
130,Yeniseysk,58.4497,92.1703,26.2,96,44,2.66,RU,2021-04-23 21:07:06
131,Santa Cruz De La Palma,28.6835,-17.7642,69.8,64,40,4.61,ES,2021-04-23 21:07:06
132,Morro Bay,35.3658,-120.8499,63.0,73,6,1.01,US,2021-04-23 21:07:07
133,Belyy Yar,53.6039,91.3903,30.2,51,0,4.47,RU,2021-04-23 21:07:07
134,Morrope,-6.5417,-80.0111,73.4,64,0,23.02,PE,2021-04-23 21:07:07
135,Malanje,-9.5402,16.341,63.77,93,78,3.18,AO,2021-04-23 21:06:46
136,Shinpokh,34.3292,71.1782,68.0,45,0,11.5,PK,2021-04-23 21:07:08
137,Zapolyarnyy,69.4154,30.8136,30.2,80,0,4.61,RU,2021-04-23 21:07:08
138,Hobyo,5.3505,48.5268,83.59,65,59,10.4,SO,2021-04-23 21:07:08
139,Qaanaaq,77.484,-69.3632,23.31,82,100,5.19,GL,2021-04-23 21:07:08
140,Havre,49.5833,0.3333,53.6,47,0,9.22,FR,2021-04-23 21:07:09
141,Araraquara,-21.7944,-48.1756,67.35,54,0,6.62,BR,2021-04-23 21:07:09
142,Tsiroanomandidy,-18.7667,46.0333,66.18,83,52,3.4,MG,2021-04-23 21:07:09
143,Aviles,43.5547,-5.9248,64.4,55,20,5.75,ES,2021-04-23 21:07:10
144,Lorengau,-2.0226,147.2712,79.88,77,93,3.85,PG,2021-04-23 21:07:10
145,Lompoc,34.6391,-120.4579,60.8,59,0,9.22,US,2021-04-23 21:05:01
146,Mareeba,-17.0,145.4333,75.2,78,40,10.36,AU,2021-04-23 21:07:10
147,Mar Del Plata,-38.0023,-57.5575,75.2,64,75,6.91,AR,2021-04-23 21:05:33
148,Sosnovo-Ozerskoye,52.5249,111.5418,27.48,37,100,3.67,RU,2021-04-23 21:07:11
149,Padang,-0.9492,100.3543,75.94,84,100,4.16,ID,2021-04-23 21:07:11
150,Nanakuli,21.3906,-158.1547,84.2,48,40,10.36,US,2021-04-23 21:07:11
151,Guerrero Negro,27.9769,-114.0611,65.3,58,17,20.85,MX,2021-04-23 21:04:39
152,Los Llanos De Aridane,28.6585,-17.9182,69.8,64,40,4.61,ES,2021-04-23 21:03:55
153,Trelew,-43.249,-65.3051,59.32,52,2,23.53,AR,2021-04-23 21:04:08
154,Dingle,10.9995,122.6711,76.15,84,100,3.6,PH,2021-04-23 21:04:03
155,Yubari,43.0378,141.9578,43.0,87,75,8.05,JP,2021-04-23 21:07:12
156,Laguna,38.421,-121.4238,75.99,43,1,12.66,US,2021-04-23 21:07:12
157,Cabo San Lucas,22.8909,-109.9124,84.2,47,40,8.05,MX,2021-04-23 21:02:43
158,San Jeronimo,-11.9472,-75.2829,61.3,55,32,5.3,PE,2021-04-23 21:07:12
159,Kruisfontein,-34.0033,24.7314,59.0,89,5,1.99,ZA,2021-04-23 21:07:13
160,Pangnirtung,66.1451,-65.7125,26.6,86,75,2.3,CA,2021-04-23 21:05:20
161,Banda Aceh,5.5577,95.3222,79.99,78,100,11.41,ID,2021-04-23 21:07:13
162,Arraial Do Cabo,-22.9661,-42.0278,75.2,83,0,18.41,BR,2021-04-23 21:07:13
163,Imeni Poliny Osipenko,52.4201,136.4853,31.64,68,34,1.88,RU,2021-04-23 21:07:14
164,Rocky Mount,35.9382,-77.7905,64.4,25,1,6.91,US,2021-04-23 21:07:14
165,Bambous Virieux,-20.3428,57.7575,79.0,78,75,10.36,MU,2021-04-23 21:07:14
166,Antalaha,-14.9003,50.2788,73.11,92,99,5.55,MG,2021-04-23 21:07:14
167,Komsomolskiy,40.4272,71.7189,53.6,54,5,4.61,UZ,2021-04-23 21:07:15
168,Taunggyi,20.7833,97.0333,67.24,54,3,3.15,MM,2021-04-23 21:07:15
169,Torbay,47.6666,-52.7314,45.0,65,75,21.85,CA,2021-04-23 21:03:20
170,Koraput,18.8167,82.7167,74.57,53,25,1.99,IN,2021-04-23 21:07:15
171,Nawashahr,31.1167,76.1333,66.29,59,0,4.23,IN,2021-04-23 21:07:16
172,Hare Bay,48.8499,-54.0148,44.6,45,48,13.8,CA,2021-04-23 21:07:16
173,Blagoyevo,63.3667,47.9167,48.87,75,99,8.59,RU,2021-04-23 21:07:16
174,Bulgan,48.8125,103.5347,26.67,96,100,4.07,MN,2021-04-23 21:07:16
175,Fortuna,40.5982,-124.1573,62.01,76,1,12.66,US,2021-04-23 21:06:34
176,Batagay,67.6333,134.6333,2.35,98,84,1.59,RU,2021-04-23 21:07:17
177,Ayr,55.4627,-4.6339,50.0,57,0,2.3,GB,2021-04-23 21:07:17
178,Pacific Grove,36.6177,-121.9166,61.0,59,75,13.8,US,2021-04-23 21:07:17
179,Tura,25.5198,90.2201,72.41,33,87,3.38,IN,2021-04-23 21:07:18
180,Ola,59.5833,151.2833,25.93,94,98,5.14,RU,2021-04-23 21:07:18
181,Kangaatsiaq,68.3065,-53.4641,33.22,74,100,6.6,GL,2021-04-23 21:07:18
182,Bengkulu,-3.8004,102.2655,73.83,89,87,3.49,ID,2021-04-23 21:07:19
183,Slave Lake,55.2834,-114.769,37.4,30,1,5.75,CA,2021-04-23 21:07:19
184,Ust-Kulom,61.6864,53.6902,39.54,92,23,4.54,RU,2021-04-23 21:07:19
185,Waingapu,-9.6567,120.2641,74.46,82,1,6.06,ID,2021-04-23 21:07:19
186,Maceio,-9.6658,-35.7353,78.8,83,0,6.91,BR,2021-04-23 21:07:20
187,Ust-Maya,60.4167,134.5333,24.33,93,100,5.19,RU,2021-04-23 21:07:20
188,Daokou,35.5639,114.5058,53.92,75,100,18.92,CN,2021-04-23 21:07:20
189,Talnakh,69.4865,88.3972,31.51,97,100,10.27,RU,2021-04-23 21:07:21
190,Sault Sainte Marie,46.5168,-84.3333,62.6,27,90,6.91,CA,2021-04-23 21:06:31
191,Teya,60.3778,92.6267,20.12,98,53,0.89,RU,2021-04-23 21:07:21
192,Cidreira,-30.1811,-50.2056,70.61,77,1,17.85,BR,2021-04-23 21:07:21
193,Vilhena,-12.7406,-60.1458,84.2,65,40,5.75,BR,2021-04-23 21:07:22
194,Dakar,14.6937,-17.4441,69.8,88,75,13.8,SN,2021-04-23 21:07:22
195,Ropczyce,50.0523,21.6089,42.01,87,0,10.36,PL,2021-04-23 21:07:22
196,Port Augusta,-32.5,137.7667,50.0,87,75,5.75,AU,2021-04-23 21:07:22
197,Edd,13.9297,41.6925,86.74,61,1,13.13,ER,2021-04-23 21:07:23
198,Tigbao,12.5546,123.3389,81.0,78,100,7.58,PH,2021-04-23 21:07:23
199,Atar,20.5169,-13.0499,83.19,11,0,5.44,MR,2021-04-23 21:07:23
200,Krasnoarmeysk,51.0239,45.6969,48.99,64,85,3.0,RU,2021-04-23 21:07:24
201,Dudinka,69.4058,86.1778,31.64,97,100,19.06,RU,2021-04-23 21:07:24
202,Vung Tau,10.346,107.0843,79.38,83,95,6.8,VN,2021-04-23 21:07:24
203,Sao Joao Da Barra,-21.6403,-41.0511,77.0,65,0,9.22,BR,2021-04-23 21:07:25
204,Kalaleh,37.3807,55.4916,57.07,89,98,6.46,IR,2021-04-23 21:07:26
205,Llanes,43.4198,-4.7549,64.99,59,25,5.12,ES,2021-04-23 21:07:26
206,Gobabis,-22.45,18.9667,62.96,26,0,9.51,NA,2021-04-23 21:07:26
207,Coquimbo,-29.9533,-71.3436,64.4,59,40,11.5,CL,2021-04-23 21:07:26
208,Ribeira Grande,38.5167,-28.7,59.0,72,40,28.77,PT,2021-04-23 21:07:27
209,Erenhot,43.6475,111.9767,48.76,37,20,22.35,CN,2021-04-23 21:04:08
210,Plettenberg Bay,-34.0527,23.3716,62.04,90,5,7.25,ZA,2021-04-23 21:07:27
211,Canico,32.6333,-16.85,66.2,68,40,6.91,PT,2021-04-23 21:07:27
212,Chulym,55.0997,80.9572,31.77,85,6,6.22,RU,2021-04-23 21:07:28
213,Henties Bay,-22.116,14.2845,64.0,85,6,5.91,NA,2021-04-23 21:07:28
214,Arlit,18.7369,7.3853,89.2,7,38,11.65,NE,2021-04-23 21:07:28
215,Leningradskiy,69.3833,178.4167,28.04,85,100,1.3,RU,2021-04-23 21:07:29
216,Ambon,-3.6954,128.1814,78.8,89,40,3.44,ID,2021-04-23 21:07:29
217,East London,-33.0153,27.9116,65.05,76,10,10.63,ZA,2021-04-23 21:07:29
218,Meulaboh,4.1363,96.1285,76.93,85,100,2.75,ID,2021-04-23 21:07:29
219,Oum Hadjer,13.2954,19.6966,92.08,12,87,6.8,TD,2021-04-23 21:07:30
220,Paamiut,61.994,-49.6678,33.44,77,1,2.06,GL,2021-04-23 21:07:30
221,Toora-Khem,52.4675,96.11,30.63,74,100,0.87,RU,2021-04-23 21:07:30
222,Bethel,41.3712,-73.414,63.0,20,1,14.97,US,2021-04-23 21:03:57
223,Vardo,70.3705,31.1107,33.8,69,40,11.5,NO,2021-04-23 21:07:31
224,Ambulu,-8.345,113.6058,72.55,89,14,2.91,ID,2021-04-23 21:07:31
225,Norman Wells,65.282,-126.8329,30.2,40,40,11.5,CA,2021-04-23 21:07:31
226,Mitu,1.1983,-70.1733,80.49,88,59,1.9,CO,2021-04-23 21:07:32
227,Lamar,33.6668,-95.5836,63.0,94,90,17.27,US,2021-04-23 21:07:32
228,Magistralnyy,56.1725,107.4458,23.67,93,100,2.64,RU,2021-04-23 21:07:32
229,Saldanha,-33.0117,17.9442,59.0,77,77,5.75,ZA,2021-04-23 21:05:59
230,Parnamirim,-5.9156,-35.2628,84.2,74,20,12.66,BR,2021-04-23 21:03:30
231,Ambilobe,-13.2,49.05,73.38,82,93,4.12,MG,2021-04-23 21:07:33
232,Grindavik,63.8424,-22.4338,46.4,87,90,19.57,IS,2021-04-23 21:07:33
233,Camabatela,-8.1881,15.375,62.85,98,100,2.37,AO,2021-04-23 21:07:33
234,Oranjemund,-28.55,16.4333,61.27,88,56,5.41,NA,2021-04-23 21:04:50
235,Luderitz,-26.6481,15.1594,63.63,80,46,8.39,NA,2021-04-23 21:07:34
236,Socorro,31.6546,-106.3033,75.0,8,1,14.97,US,2021-04-23 21:04:15
237,San Cristobal,7.7669,-72.225,89.6,58,20,9.22,VE,2021-04-23 21:07:34
238,Vacaria,-28.5122,-50.9339,59.23,58,1,0.6,BR,2021-04-23 21:05:04
239,Birjand,32.8663,59.2211,62.6,13,0,6.91,IR,2021-04-23 21:07:34
240,Zhanaozen,43.3,52.8,53.24,63,1,9.51,KZ,2021-04-23 21:07:35
241,Maningrida,-12.0667,134.2667,72.1,81,42,10.8,AU,2021-04-23 21:07:35
242,Biharamulo,-2.6319,31.3089,61.59,95,23,3.49,TZ,2021-04-23 21:07:35
243,Hami,42.8,93.45,45.48,26,35,11.05,CN,2021-04-23 21:07:36
244,Bongandanga,1.5,21.05,70.12,99,100,2.82,CD,2021-04-23 21:07:36
245,Sanmenxia,34.7747,111.1814,55.56,93,100,5.23,CN,2021-04-23 21:07:36
246,Santa Maria,-29.6842,-53.8069,82.4,39,20,8.05,BR,2021-04-23 21:07:36
247,Quelimane,-17.8786,36.8883,69.87,85,0,1.97,MZ,2021-04-23 21:07:37
248,Taloqan,36.7361,69.5345,57.18,41,0,4.23,AF,2021-04-23 21:07:37
249,Barrow,71.2906,-156.7887,19.4,79,1,3.44,US,2021-04-23 21:04:14
250,Vostok,46.4856,135.8833,40.96,85,100,6.4,RU,2021-04-23 21:06:57
251,Hithadhoo,-0.6,73.0833,81.91,74,8,7.45,MV,2021-04-23 21:07:37
252,Vila Franca Do Campo,37.7167,-25.4333,59.0,72,40,17.27,PT,2021-04-23 21:07:38
253,Yulara,-25.2406,130.9889,51.8,66,0,5.75,AU,2021-04-23 21:07:38
254,Carnarvon,-24.8667,113.6333,64.4,77,0,8.05,AU,2021-04-23 21:07:38
255,Yigou,35.8114,114.3167,53.94,75,100,20.07,CN,2021-04-23 21:07:39
256,Souillac,-20.5167,57.5167,78.8,78,75,10.36,MU,2021-04-23 21:07:39
257,Lujan,-34.5703,-59.105,77.0,68,0,5.75,AR,2021-04-23 21:07:39
258,Staryy Nadym,65.6118,72.6842,34.41,99,100,11.36,RU,2021-04-23 21:07:39
259,Kaele,10.1092,14.4508,94.66,28,94,8.21,CM,2021-04-23 21:07:40
260,Kaitangata,-46.2817,169.8464,51.01,82,21,5.99,NZ,2021-04-23 21:07:40
261,Isiro,2.7739,27.616,65.91,98,100,1.86,CD,2021-04-23 21:07:40
262,Karagay,58.2667,54.9368,37.81,92,90,4.81,RU,2021-04-23 21:07:41
263,Terrace,54.5163,-128.6035,59.0,26,20,8.05,CA,2021-04-23 21:04:21
264,Jimeta,9.2833,12.4667,89.87,42,100,5.73,NG,2021-04-23 21:07:41
265,Bourail,-21.5667,165.4833,75.76,84,77,3.22,NC,2021-04-23 21:07:41
266,Villaviciosa,43.4813,-5.4357,64.99,59,57,5.41,ES,2021-04-23 21:07:42
267,Manokwari,-0.8667,134.0833,78.58,80,100,2.04,ID,2021-04-23 21:07:42
268,Ewa Beach,21.3156,-158.0072,84.2,48,40,10.36,US,2021-04-23 21:07:42
269,Cap-Aux-Meules,47.3821,-61.8597,35.6,87,100,21.85,CA,2021-04-23 21:07:42
270,Chizhou,30.6578,117.4831,59.13,94,41,5.59,CN,2021-04-23 21:07:43
271,Menomonie,44.8755,-91.9193,55.4,46,90,6.91,US,2021-04-23 21:07:43
272,Saint-Augustin,51.226,-58.6502,33.24,86,100,13.47,CA,2021-04-23 21:07:43
273,Moron,-34.6534,-58.6198,75.2,57,0,8.05,AR,2021-04-23 21:07:43
274,Srednekolymsk,67.45,153.6833,9.63,94,100,17.02,RU,2021-04-23 21:04:19
275,Paso De Los Toros,-32.8167,-56.5167,73.4,60,0,6.91,UY,2021-04-23 21:07:44
276,Montepuez,-13.1256,38.9997,69.85,83,86,6.2,MZ,2021-04-23 21:07:44
277,Russell,32.3502,-85.1999,73.4,28,20,8.05,US,2021-04-23 21:07:44
278,Belaya Gora,68.5333,146.4167,4.89,97,97,3.98,RU,2021-04-23 21:07:45
279,Nanortalik,60.1432,-45.2371,36.77,85,17,3.51,GL,2021-04-23 21:07:45
280,Agapovka,53.2973,59.1348,42.8,87,90,6.71,RU,2021-04-23 21:07:45
281,Kencong,-8.2833,113.3667,73.08,86,6,2.84,ID,2021-04-23 21:07:45
282,Castlebar,53.85,-9.3,55.0,58,100,5.99,IE,2021-04-23 21:07:46
283,Kamiiso,41.8167,140.65,47.52,64,87,2.39,JP,2021-04-23 21:07:46
284,Ambanja,-13.6833,48.45,74.61,91,100,2.8,MG,2021-04-23 21:07:46
285,Sandpoint,48.2766,-116.5533,57.0,43,40,8.05,US,2021-04-23 21:07:47
286,Linjiang,41.8069,126.9078,50.23,67,100,2.1,CN,2021-04-23 21:07:47
287,Marawi,7.9986,124.2928,73.99,91,100,5.01,PH,2021-04-23 21:07:47
288,Sorong,-0.8833,131.25,78.6,87,85,7.0,ID,2021-04-23 21:07:47
289,Hamilton,39.1834,-84.5333,59.0,44,90,10.36,US,2021-04-23 21:07:48
290,Shiyan,32.6475,110.7781,56.03,94,100,8.79,CN,2021-04-23 21:07:48
291,Chokurdakh,70.6333,147.9167,-6.41,97,80,1.99,RU,2021-04-23 21:07:48
292,Okhotsk,59.3833,143.3,16.5,69,2,19.28,RU,2021-04-23 21:07:49
293,Phalaborwa,-23.943,31.1411,66.2,72,8,8.05,ZA,2021-04-23 21:07:49
294,Kloulklubed,7.0419,134.2556,75.2,94,75,6.76,PW,2021-04-23 21:07:49
295,Olinda,-8.0089,-34.8553,80.6,69,40,5.75,BR,2021-04-23 21:07:50
296,Beloha,-25.1667,45.05,70.81,77,27,8.88,MG,2021-04-23 21:07:50
297,Prince Rupert,54.3161,-130.3201,53.6,58,1,6.91,CA,2021-04-23 21:07:03
298,Tabuk,17.4189,121.4443,68.83,83,18,3.13,PH,2021-04-23 21:07:50
299,Adre,13.4667,22.2,84.81,16,92,9.17,TD,2021-04-23 21:07:50
300,Bathsheba,13.2167,-59.5167,82.4,57,40,17.27,BB,2021-04-23 21:07:51
301,Cadiz,36.5,-5.75,64.99,67,0,3.44,ES,2021-04-23 21:07:51
302,Vrangel,42.7297,133.0839,46.31,61,100,6.06,RU,2021-04-23 21:07:51
303,Anahuac,27.2333,-100.15,93.2,38,40,6.91,MX,2021-04-23 21:07:52
304,Bandarbeyla,9.4942,50.8122,83.37,73,100,7.76,SO,2021-04-23 21:07:52
305,Tiarei,-17.5333,-149.3333,84.2,65,75,4.61,PF,2021-04-23 21:07:52
306,Todos Santos,23.45,-110.2167,68.0,68,3,5.99,MX,2021-04-23 21:07:52
307,Hibbing,47.4272,-92.9377,46.4,71,90,6.91,US,2021-04-23 21:07:15
308,Tecoanapa,16.5167,-98.75,86.45,51,100,11.21,MX,2021-04-23 21:07:53
309,Camacupa,-12.0167,17.4833,65.01,72,93,0.81,AO,2021-04-23 21:07:53
310,Bubaque,11.2833,-15.8333,78.33,71,2,17.36,GW,2021-04-23 21:07:14
311,Killybegs,54.6333,-8.45,55.4,44,0,9.22,IE,2021-04-23 21:07:53
312,Nova Olimpia,-14.7972,-57.2881,84.07,58,11,2.04,BR,2021-04-23 21:07:54
313,Saint Anthony,45.0205,-93.218,48.2,87,90,4.61,US,2021-04-23 21:07:54
314,Qandala,11.472,49.8728,84.78,69,2,7.27,SO,2021-04-23 21:07:54
315,Igarka,67.4667,86.5833,26.78,92,41,15.41,RU,2021-04-23 21:07:55
316,Redmond,47.674,-122.1215,63.0,56,99,7.4,US,2021-04-23 21:05:28
317,Codrington,-38.2667,141.9667,53.11,88,100,7.52,AU,2021-04-23 21:04:06
318,Isangel,-19.55,169.2667,80.06,80,76,10.51,VU,2021-04-23 21:06:00
319,Aguilas,37.4063,-1.5829,60.01,90,100,7.0,ES,2021-04-23 21:07:55
320,Namatanai,-3.6667,152.4333,77.16,86,100,4.09,PG,2021-04-23 21:07:55
321,Manhattan,40.7834,-73.9662,64.99,19,1,12.66,US,2021-04-23 21:05:15
322,Chanika,-5.4167,38.0167,66.45,94,6,3.74,TZ,2021-04-23 21:07:56
323,Xichang,27.8964,102.2634,58.84,60,31,2.44,CN,2021-04-23 21:03:50
324,Tessalit,20.1986,1.0114,88.75,6,0,7.34,ML,2021-04-23 21:07:56
325,Pevek,69.7008,170.3133,10.36,91,52,4.36,RU,2021-04-23 21:07:56
326,Constitucion,-35.3333,-72.4167,60.96,64,0,9.86,CL,2021-04-23 21:05:56
327,Beringovskiy,63.05,179.3167,25.57,82,99,7.47,RU,2021-04-23 21:03:38
328,Ilhabela,-23.7781,-45.3581,71.02,86,35,7.25,BR,2021-04-23 21:07:57
329,Nishihara,26.1842,127.7558,68.0,94,90,16.11,JP,2021-04-23 21:07:57
330,Walvis Bay,-22.9575,14.5053,64.4,68,6,2.3,NA,2021-04-23 21:07:57
331,Deshnok,27.7986,73.3447,76.24,37,0,10.04,IN,2021-04-23 21:07:58
332,Morehead,37.2711,-87.1764,60.8,44,90,9.22,US,2021-04-23 21:07:58
333,Bucerias,20.75,-105.3333,82.4,65,1,11.5,MX,2021-04-23 21:07:58
334,Chapais,49.7834,-74.8492,50.0,25,1,18.41,CA,2021-04-23 21:03:34
335,Boyolangu,-8.1181,111.8935,72.54,88,5,0.38,ID,2021-04-23 21:07:58
336,Chicama,-7.8447,-79.1469,64.4,88,20,9.22,PE,2021-04-23 21:07:59
337,Neuquen,-38.9516,-68.0591,69.8,40,0,6.91,AR,2021-04-23 21:06:45
338,Sorland,67.667,12.6934,33.8,75,40,13.8,NO,2021-04-23 21:07:59
339,Aljezur,37.3191,-8.8033,62.65,90,100,11.61,PT,2021-04-23 21:07:59
340,Wanning,18.8003,110.3967,76.89,89,24,8.77,CN,2021-04-23 21:07:47
341,Auki,-8.7676,160.7034,79.38,81,9,2.82,SB,2021-04-23 21:04:37
342,Jalu,29.0331,21.5482,78.93,14,0,11.74,LY,2021-04-23 21:08:00
343,Te Anau,-45.4167,167.7167,45.64,87,64,2.62,NZ,2021-04-23 21:08:00
344,Mitsamiouli,-11.3847,43.2844,80.64,79,79,12.8,KM,2021-04-23 21:08:00
345,Durango,24.8333,-104.8333,79.12,8,65,25.57,MX,2021-04-23 21:03:13
346,Nioro,13.35,-15.75,81.14,41,3,12.77,GM,2021-04-23 21:08:01
347,Kondinskoye,59.6481,67.41,45.48,90,100,4.43,RU,2021-04-23 21:08:01
348,Danville,36.586,-79.395,62.01,29,90,9.22,US,2021-04-23 21:08:01
349,Mindelo,16.8901,-24.9804,71.6,60,20,24.16,CV,2021-04-23 21:08:02
350,Nurota,40.5614,65.6886,57.2,44,100,11.5,UZ,2021-04-23 21:08:02
351,Gazanjyk,39.2446,55.5154,62.17,66,85,11.12,TM,2021-04-23 21:08:02
352,Uige,-7.6087,15.0613,68.09,97,100,3.02,AO,2021-04-23 21:04:15
353,Launceston,-41.45,147.1667,48.99,87,40,12.66,AU,2021-04-23 21:05:16
354,Cherskiy,68.75,161.3,20.75,94,100,7.4,RU,2021-04-23 21:08:03
355,Khatanga,71.9667,102.5,33.06,97,100,21.21,RU,2021-04-23 21:08:03
356,Lyngseidet,69.5763,20.2189,35.6,69,75,3.44,NO,2021-04-23 21:08:03
357,Zhengjiatun,43.5064,123.5064,48.87,92,89,7.0,CN,2021-04-23 21:08:04
358,Nantucket,41.2835,-70.0995,50.0,57,1,25.32,US,2021-04-23 21:07:16
359,Akdepe,42.0551,59.3788,64.4,32,0,9.22,TM,2021-04-23 21:08:04
360,Piacabucu,-10.4056,-36.4344,79.09,80,37,8.03,BR,2021-04-23 21:08:04
361,Cockburn Town,21.4612,-71.1419,82.4,65,40,9.22,TC,2021-04-23 21:08:04
362,Zhezkazgan,47.8043,67.7144,39.06,30,95,18.05,KZ,2021-04-23 21:08:05
363,Petropavlovskaya,45.0819,40.4512,52.18,69,100,3.98,RU,2021-04-23 21:08:05
364,Kathmandu,27.7167,85.3167,59.0,67,20,2.3,NP,2021-04-23 21:08:05
365,Alenquer,-1.9417,-54.7383,84.2,74,20,10.36,BR,2021-04-23 21:05:07
366,Kalach-Na-Donu,48.691,43.5264,48.2,81,0,8.95,RU,2021-04-23 21:08:06
367,Klaksvik,62.2266,-6.589,42.8,100,20,8.05,FO,2021-04-23 21:08:06
368,Iqaluit,63.7506,-68.5145,28.4,93,90,3.44,CA,2021-04-23 21:08:06
369,Sheopur,25.6667,76.7,83.03,21,5,6.53,IN,2021-04-23 21:08:06
370,Seoul,37.5683,126.9778,60.8,36,0,8.05,KR,2021-04-23 21:08:07
371,Tuy Hoa,13.0833,109.3,75.79,90,57,3.76,VN,2021-04-23 21:08:07
372,Geraldton,-28.7667,114.6,59.0,88,90,6.91,AU,2021-04-23 21:08:07
373,Meget,52.415,104.0494,32.0,37,0,4.47,RU,2021-04-23 21:08:08
374,Zemio,5.0314,25.1361,69.62,93,50,3.11,CF,2021-04-23 21:08:08
375,Minab,27.1467,57.0801,82.4,61,95,6.91,IR,2021-04-23 21:08:08
376,Bozeman,45.6796,-111.0386,43.0,56,1,4.5,US,2021-04-23 21:08:07
377,Tomino,41.9877,-8.755,60.01,94,75,3.44,ES,2021-04-23 21:08:08
378,Winnipeg,49.8844,-97.147,37.0,38,100,6.91,CA,2021-04-23 21:05:22
379,Vytegra,61.0064,36.4481,40.53,94,100,3.15,RU,2021-04-23 21:08:09
380,Biltine,14.5333,20.9167,89.26,12,78,10.27,TD,2021-04-23 21:08:09
381,Kokstad,-30.5472,29.4241,45.77,93,35,2.59,ZA,2021-04-23 21:08:09
382,Longyearbyen,78.2186,15.6401,14.0,67,40,10.36,SJ,2021-04-23 21:08:10
383,Bloomsburg,41.0037,-76.4549,64.99,26,9,5.01,US,2021-04-23 21:08:10
384,Sept-Iles,50.2001,-66.3821,37.99,87,83,5.75,CA,2021-04-23 21:08:10
385,Miles City,46.4083,-105.8406,39.2,48,90,4.61,US,2021-04-23 21:03:34
386,Dubbo,-32.25,148.6167,37.4,100,100,4.61,AU,2021-04-23 21:08:11
387,Nhulunbuy,-12.2333,136.7667,80.6,54,95,13.8,AU,2021-04-23 21:08:11
388,Buala,-8.145,159.5921,81.54,74,14,2.51,SB,2021-04-23 21:08:11
389,Eureka,40.8021,-124.1637,61.0,64,100,3.0,US,2021-04-23 21:07:51
390,Aykhal,66.0,111.5,17.55,89,91,7.18,RU,2021-04-23 21:08:11
391,Ayan,56.45,138.1667,24.15,79,97,6.17,RU,2021-04-23 21:08:12
392,Westport,41.1415,-73.3579,63.0,22,1,16.11,US,2021-04-23 21:08:12
393,Shatalovo,54.334,32.4465,36.86,77,98,5.39,RU,2021-04-23 21:08:12
394,Taihe,30.8712,105.3845,64.22,88,100,11.59,CN,2021-04-23 21:08:13
395,Sitka,57.0531,-135.33,59.0,23,1,10.36,US,2021-04-23 21:08:13
396,Prieska,-29.6641,22.7474,69.94,24,0,6.67,ZA,2021-04-23 21:08:13
397,Salta,-24.7859,-65.4117,71.6,64,75,10.36,AR,2021-04-23 21:08:13
398,Port Shepstone,-30.7414,30.455,65.14,78,84,8.48,ZA,2021-04-23 21:08:14
399,Ugra,54.7777,34.3267,38.32,83,100,3.6,RU,2021-04-23 21:08:14
400,Ketchikan,55.3422,-131.6461,55.4,38,1,10.36,US,2021-04-23 21:08:14
401,Noshiro,40.2039,140.0242,47.07,63,14,4.88,JP,2021-04-23 21:08:14
402,Leua,48.2156,18.6071,44.01,60,1,5.99,SK,2021-04-23 21:08:15
403,Kingsport,36.5484,-82.5618,57.99,35,75,5.75,US,2021-04-23 21:08:10
404,Eagle Pass,28.7091,-100.4995,91.4,49,40,5.75,US,2021-04-23 21:08:15
405,Hudiksvall,61.729,17.1036,35.01,58,40,5.01,SE,2021-04-23 21:08:15
406,Ormond Beach,29.2858,-81.0559,73.99,60,1,12.66,US,2021-04-23 21:03:29
407,Half Moon Bay,37.4636,-122.4286,66.2,82,75,8.05,US,2021-04-23 21:08:16
408,Kushmurun,52.4503,64.6311,47.07,41,100,14.32,KZ,2021-04-23 21:08:16
409,Newcastle,-32.9272,151.7765,55.0,87,100,9.22,AU,2021-04-23 21:04:14
410,Kjollefjord,70.9457,27.3465,30.2,69,20,4.61,NO,2021-04-23 21:08:16
411,Bogande,12.9714,-0.1436,94.71,9,81,8.28,BF,2021-04-23 21:08:17
412,Port Hedland,-20.3167,118.5667,66.2,45,0,5.75,AU,2021-04-23 21:08:17
413,Honiara,-9.4333,159.95,79.79,83,46,1.72,SB,2021-04-23 21:07:35
414,Alofi,-19.0595,-169.9187,80.6,94,40,4.61,NU,2021-04-23 21:08:17
415,Taoudenni,22.6783,-3.9836,92.97,6,0,10.22,ML,2021-04-23 21:08:18
416,Kodinsk,58.6881,99.1844,28.26,93,77,2.35,RU,2021-04-23 21:08:18
417,Jhang,33.6748,72.6963,63.0,72,0,6.62,PK,2021-04-23 21:08:18
418,Petropavlovsk-Kamchatskiy,53.0452,158.6483,35.6,93,40,2.24,RU,2021-04-23 21:04:02
419,Maarianhamina,60.0973,19.9348,35.6,69,0,9.22,AX,2021-04-23 21:08:18
420,Umm Lajj,25.0213,37.2685,84.54,42,4,5.26,SA,2021-04-23 21:07:52
421,Margate,51.3813,1.3862,48.0,71,48,1.99,GB,2021-04-23 21:03:57
422,Safaga,26.7292,33.9365,78.8,29,0,13.8,EG,2021-04-23 21:08:19
423,Igrim,63.1906,64.4162,39.47,92,65,5.93,RU,2021-04-23 21:08:19
424,Naze,28.3667,129.4833,65.59,69,100,27.04,JP,2021-04-23 21:08:19
425,Lao Cai,22.4833,103.95,77.94,92,62,1.45,VN,2021-04-23 21:08:20
426,Casablanca,33.5928,-7.6192,62.6,88,75,5.75,MA,2021-04-23 21:03:34
427,Svetlyy,54.675,20.1347,37.99,86,0,6.71,RU,2021-04-23 21:08:20
428,Yunyang,33.4474,112.7142,52.54,92,100,19.48,CN,2021-04-23 21:08:20
429,Bom Jesus,-9.0744,-44.3586,80.96,63,47,2.39,BR,2021-04-23 21:08:21
430,Jingdezhen,29.2947,117.2079,61.47,93,9,4.74,CN,2021-04-23 21:08:21
431,Gimli,50.6336,-96.9907,28.4,59,99,19.57,CA,2021-04-23 21:08:21
432,Tulun,54.5611,100.5792,31.66,64,100,9.78,RU,2021-04-23 21:08:22
433,Mandalgovi,45.7625,106.2708,41.81,46,100,24.94,MN,2021-04-23 21:08:06
434,Shimoda,34.6667,138.95,53.01,66,100,3.0,JP,2021-04-23 21:08:22
435,Tara,56.8944,74.371,32.38,72,46,6.31,RU,2021-04-23 21:08:22
436,Gazojak,41.1875,61.4036,71.92,12,100,9.6,TM,2021-04-23 21:08:22
437,Sioux Lookout,50.1001,-91.917,37.4,56,75,6.91,CA,2021-04-23 21:08:23
438,Ulladulla,-35.35,150.4667,51.01,76,26,10.36,AU,2021-04-23 21:08:23
439,Richards Bay,-28.783,32.0377,63.82,84,76,9.73,ZA,2021-04-23 21:08:23
440,Shubarkuduk,49.1447,56.4872,51.4,54,100,15.68,KZ,2021-04-23 21:08:24
441,Sao Gabriel Da Cachoeira,-0.1303,-67.0892,82.11,81,99,0.85,BR,2021-04-23 21:08:24
442,Warmbad,-28.45,18.7333,74.82,22,7,7.96,NA,2021-04-23 21:08:24
443,Opuwo,-18.0607,13.84,72.7,36,74,4.18,NA,2021-04-23 21:08:25
444,Wichian Buri,15.6578,101.106,83.07,71,64,5.68,TH,2021-04-23 21:08:25
445,Rincon,32.296,-81.2354,71.01,37,75,8.05,US,2021-04-23 21:08:25
446,Aksu,41.1231,80.2644,50.99,43,0,6.46,CN,2021-04-23 21:07:58
447,Huarmey,-10.0681,-78.1522,71.69,77,11,10.65,PE,2021-04-23 21:08:25
448,Horki,54.2861,30.9842,36.01,78,100,6.26,BY,2021-04-23 21:08:26
449,Maldonado,-34.6667,-54.9167,73.99,73,0,4.61,UY,2021-04-23 21:08:26
450,Shakawe,-18.3667,21.85,63.59,41,1,5.61,BW,2021-04-23 21:08:26
451,Golkoy,40.6875,37.6178,50.0,100,0,4.61,TR,2021-04-23 21:08:27
452,Xinzhou,38.4092,112.7333,51.73,76,100,4.68,CN,2021-04-23 21:08:27
453,Mangan,27.5167,88.5333,62.46,53,10,8.34,IN,2021-04-23 21:08:27
454,Husavik,66.0449,-17.3389,46.4,76,0,4.61,IS,2021-04-23 21:08:27
455,Beihai,21.4833,109.1,77.79,87,8,10.51,CN,2021-04-23 21:08:28
456,Barra Do Garcas,-15.89,-52.2567,87.8,37,0,4.61,BR,2021-04-23 21:07:51
457,Inirida,3.8653,-67.9239,83.26,78,93,3.18,CO,2021-04-23 21:06:31
458,Magadan,59.5667,150.8,25.27,94,94,3.42,RU,2021-04-23 21:08:28
459,Price,39.5994,-110.8107,62.6,17,75,20.71,US,2021-04-23 21:08:28
460,Namibe,-15.1961,12.1522,78.69,77,1,6.58,AO,2021-04-23 21:08:29
461,Despotovac,44.0925,21.4469,43.03,76,7,2.93,RS,2021-04-23 21:08:29
462,Thai Nguyen,21.5928,105.8442,78.8,100,75,6.91,VN,2021-04-23 21:08:29
463,Coxim,-18.5067,-54.76,88.7,28,2,4.63,BR,2021-04-23 21:08:29
464,Buguda,19.8167,84.8,78.85,80,38,3.4,IN,2021-04-23 21:08:30
465,Toumodi,6.5613,-5.0158,84.2,70,75,7.45,CI,2021-04-23 21:08:30
466,Marrakesh,31.6315,-8.0083,71.6,43,40,10.36,MA,2021-04-23 21:05:49
467,Mtimbira,-8.7833,36.35,69.84,93,11,2.89,TZ,2021-04-23 21:08:30
468,Kez,57.8979,53.7152,37.53,94,77,4.94,RU,2021-04-23 21:08:31
469,West Bend,43.4253,-88.1834,60.01,33,75,9.22,US,2021-04-23 21:03:52
470,Korem,12.5058,39.5228,60.08,53,100,4.9,ET,2021-04-23 21:08:31
471,Mizdah,31.4451,12.9801,61.5,55,48,14.79,LY,2021-04-23 21:08:31
472,Kenora,49.8167,-94.4337,32.0,64,90,14.97,CA,2021-04-23 21:07:38
473,Tianpeng,30.9866,103.9393,68.0,1,59,2.3,CN,2021-04-23 21:08:32
474,Hasaki,35.7333,140.8333,46.4,87,20,3.44,JP,2021-04-23 21:08:32
475,Betare Oya,5.6,14.0833,69.87,86,100,3.56,CM,2021-04-23 21:08:32
476,Damietta,31.4165,31.8133,64.4,88,0,11.5,EG,2021-04-23 21:08:32
477,Itoman,26.1247,127.6694,68.0,83,75,16.11,JP,2021-04-23 21:08:33
478,Alta Floresta,-9.8756,-56.0861,78.8,94,75,1.14,BR,2021-04-23 21:08:33
479,Antsohihy,-14.8796,47.9875,72.79,92,96,3.62,MG,2021-04-23 21:08:33
480,Tutin,42.9903,20.3314,40.62,93,100,2.64,RS,2021-04-23 21:08:34
481,Sayyan,15.1718,44.3244,60.13,29,5,3.24,YE,2021-04-23 21:05:55
482,Ballina,-28.8667,153.5667,53.01,93,3,6.55,AU,2021-04-23 21:08:34
483,Sahuaripa,29.05,-109.2333,83.62,10,0,9.73,MX,2021-04-23 21:08:34
484,Pasni,25.2631,63.471,80.96,77,0,10.65,PK,2021-04-23 21:08:35
485,Pemangkat,1.1667,108.9667,78.1,81,67,7.14,ID,2021-04-23 21:08:35
486,Areosa,41.7178,-8.8571,60.8,94,75,6.91,PT,2021-04-23 21:08:35
487,San Patricio,28.017,-97.5169,86.0,70,40,25.32,US,2021-04-23 21:08:35
488,Mount Gambier,-37.8333,140.7667,48.2,100,40,8.05,AU,2021-04-23 21:08:36
489,Flin Flon,54.7682,-101.865,30.2,37,40,13.8,CA,2021-04-23 21:08:26
490,Kalmunai,7.4167,81.8167,80.06,80,3,1.68,LK,2021-04-23 21:08:36
491,Sechura,-5.5569,-80.8222,79.7,56,8,14.0,PE,2021-04-23 21:08:36
492,Buzdyak,54.5833,54.55,44.08,94,100,9.15,RU,2021-04-23 21:08:36
493,Hvolsvollur,63.7533,-20.2243,44.01,88,100,5.99,IS,2021-04-23 21:08:37
494,Upington,-28.4478,21.2561,69.8,24,0,6.91,ZA,2021-04-23 21:08:37
495,Mackay,-21.15,149.2,68.0,88,90,10.36,AU,2021-04-23 21:04:13
496,Uthal,25.8072,66.6219,82.81,51,0,6.15,PK,2021-04-23 21:08:14
497,Shwebo,22.5667,95.7,86.72,28,26,6.51,MM,2021-04-23 21:08:37
498,Itarema,-2.9248,-39.9167,79.7,79,28,11.79,BR,2021-04-23 21:08:38
499,Portland,45.5234,-122.6762,61.0,47,90,6.91,US,2021-04-23 21:05:22
500,Roald,62.5833,6.1333,34.0,93,40,9.33,NO,2021-04-23 21:08:38
501,Gusau,12.1628,6.6614,90.37,30,14,3.04,NG,2021-04-23 21:08:38
502,Ngaoundere,7.3167,13.5833,67.73,85,100,2.8,CM,2021-04-23 21:08:39
503,Grand-Santi,4.25,-54.3833,76.82,96,93,4.18,GF,2021-04-23 21:08:39
504,Ponta Do Sol,32.6667,-17.1,59.0,81,47,4.0,PT,2021-04-23 21:08:39
505,Pingliang,35.5392,106.6861,48.67,96,100,5.79,CN,2021-04-23 21:08:39
506,Ngunguru,-35.6167,174.5,64.0,90,2,5.01,NZ,2021-04-23 21:08:40
507,Novikovo,51.1537,37.8879,49.15,86,93,9.26,RU,2021-04-23 21:08:40
508,Rupert,42.6191,-113.6772,62.6,23,1,13.8,US,2021-04-23 21:08:40
509,Ostrovnoy,68.0531,39.5131,32.9,88,100,17.81,RU,2021-04-23 21:08:41
510,Flinders,-34.5833,150.8552,48.99,80,86,1.01,AU,2021-04-23 21:03:51
511,Nokha,27.6,73.4167,75.76,38,0,9.01,IN,2021-04-23 21:08:41
512,Khashuri,41.9941,43.5999,46.0,70,3,4.63,GE,2021-04-23 21:08:41
513,College,64.8569,-147.8028,55.4,30,20,8.05,US,2021-04-23 21:08:42
514,Abakaliki,6.3163,8.1169,81.09,78,100,7.02,NG,2021-04-23 21:08:42
515,Coihaique,-45.5752,-72.0662,50.0,66,75,4.61,CL,2021-04-23 21:08:42
516,Kerman,30.2832,57.0788,66.2,20,20,4.25,IR,2021-04-23 21:08:42
517,Anito,12.4497,125.2886,77.31,87,100,7.7,PH,2021-04-23 21:08:43
518,Shizunai,42.3339,142.3669,42.69,75,100,4.83,JP,2021-04-23 21:04:19
519,Sembe,1.6481,14.5806,72.66,96,97,2.04,CG,2021-04-23 21:08:43
520,Hokitika,-42.7167,170.9667,54.81,85,11,3.98,NZ,2021-04-23 21:08:43
521,Pangody,65.85,74.4859,33.94,99,100,11.27,RU,2021-04-23 21:08:43
522,Faya,18.3851,42.4509,64.4,77,20,4.61,SA,2021-04-23 21:08:44
523,Svetlogorsk,52.6333,29.7333,36.0,83,67,8.19,BY,2021-04-23 21:06:38
524,Kehtna,58.9303,24.8781,32.0,95,100,10.22,EE,2021-04-23 21:08:44
525,Caconda,-13.7333,15.0667,64.83,64,100,3.74,AO,2021-04-23 21:08:44
526,Ozinki,51.1786,49.6769,44.56,95,100,7.16,RU,2021-04-23 21:08:45
527,Rochester,43.1548,-77.6156,59.0,33,20,20.71,US,2021-04-23 21:05:53
528,Long,18.0761,99.8326,86.0,49,51,2.66,TH,2021-04-23 21:08:45
529,Mount Isa,-20.7333,139.5,64.4,29,24,11.5,AU,2021-04-23 21:08:45
530,Sibolga,1.7427,98.7792,75.65,88,100,2.86,ID,2021-04-23 21:08:46
531,Caravelas,-17.7125,-39.2481,75.31,81,51,6.73,BR,2021-04-23 21:08:46
532,Ancud,-41.8697,-73.8203,57.0,76,75,5.75,CL,2021-04-23 21:05:23
533,Kemijarvi,66.7131,27.4306,30.04,96,100,14.09,FI,2021-04-23 21:08:46
534,South Venice,27.0531,-82.4243,86.0,54,20,11.5,US,2021-04-23 21:08:47
535,Muros,42.7762,-9.0603,61.0,87,54,1.99,ES,2021-04-23 21:08:47
536,Santa Cruz,-17.8,-63.1667,71.6,100,75,8.05,BO,2021-04-23 21:08:47
537,Kushima,31.4583,131.2333,63.9,72,48,14.54,JP,2021-04-23 21:08:47
538,Marsabit,2.3284,37.9899,67.68,73,35,9.08,KE,2021-04-23 21:08:48
539,Satipo,-11.2522,-74.6386,85.51,57,36,0.69,PE,2021-04-23 21:08:48
540,Poum,-20.2333,164.0167,78.55,79,92,7.99,NC,2021-04-23 21:08:48
541,Prabumulih,-3.45,104.25,72.57,98,96,2.28,ID,2021-04-23 21:08:49
542,Thinadhoo,0.5333,72.9333,82.29,68,10,8.39,MV,2021-04-23 21:08:49
543,Harnosand,62.6323,17.9379,39.0,41,75,19.57,SE,2021-04-23 21:08:49
544,Zelhem,52.0067,6.3486,45.0,76,90,10.36,NL,2021-04-23 21:08:49
545,Dryden,49.7833,-92.7503,32.0,74,90,10.36,CA,2021-04-23 21:08:50
546,Berlevag,70.8578,29.0864,28.4,80,20,10.36,NO,2021-04-23 21:08:50
547,Mildura,-34.2,142.15,48.2,87,75,4.61,AU,2021-04-23 21:08:50
548,Beira,-19.8436,34.8389,73.4,83,20,5.84,MZ,2021-04-23 21:08:51
549,Ochsenfurt,49.6643,10.0623,46.0,80,1,4.07,DE,2021-04-23 21:08:51
550,Broome,42.2506,-75.833,60.01,28,1,12.66,US,2021-04-23 21:06:35
551,Ushuaia,-54.8,-68.3,42.8,87,75,4.61,AR,2021-04-23 21:04:04
552,Albany,42.6001,-73.9662,60.01,22,5,4.0,US,2021-04-23 21:05:29
553,Katsuura,35.1333,140.3,53.01,76,40,6.91,JP,2021-04-23 21:06:36
554,Mataura,-46.1927,168.8643,45.0,95,53,1.99,NZ,2021-04-23 21:06:36
555,Hobart,-42.8794,147.3294,51.8,71,75,8.05,AU,2021-04-23 21:06:16
556,Erzin,36.9559,36.2,66.0,79,94,3.6,TR,2021-04-23 21:06:36
557,Punta Arenas,-53.15,-70.9167,46.4,93,75,3.44,CL,2021-04-23 21:05:59
558,Rikitea,-23.1203,-134.9692,79.09,67,100,17.78,PF,2021-04-23 21:06:37
559,Krasnoselkup,65.7,82.4667,29.57,88,90,17.22,RU,2021-04-23 21:06:37
560,Bluff,-46.6,168.3333,45.0,95,76,1.99,NZ,2021-04-23 21:06:37
561,Narsaq,60.9167,-46.05,46.4,49,1,8.05,GL,2021-04-23 21:02:56
562,Umuarama,-23.7664,-53.325,71.89,55,0,4.7,BR,2021-04-23 21:06:38
563,Saint-Philippe,-21.3585,55.7679,77.0,73,75,5.75,RE,2021-04-23 21:06:38
564,Mecca,21.4267,39.8261,83.73,36,18,2.39,SA,2021-04-23 21:03:01
565,Clyde River,70.4692,-68.5914,17.6,100,90,5.75,CA,2021-04-23 21:06:38
566,Ilulissat,69.2167,-51.1,37.4,65,100,2.3,GL,2021-04-23 21:06:39
567,Jamestown,42.097,-79.2353,55.4,30,1,17.27,US,2021-04-23 21:06:39
568,Busselton,-33.65,115.3333,62.01,75,99,5.93,AU,2021-04-23 21:06:39
569,Cape Town,-33.9258,18.4232,59.0,82,0,5.75,ZA,2021-04-23 21:05:06
570,Pisco,-13.7,-76.2167,69.8,73,0,11.5,PE,2021-04-23 21:06:40
571,Dukat,62.55,155.55,21.33,94,100,2.33,RU,2021-04-23 21:06:40
572,Manbij,36.5281,37.9549,53.6,54,0,4.32,SY,2021-04-23 21:06:40
573,Victor Harbor,-35.5667,138.6167,51.01,90,32,5.35,AU,2021-04-23 21:06:40
574,Dikson,73.5069,80.5464,32.14,97,100,19.01,RU,2021-04-23 21:06:41
575,Vaini,-21.2,-175.2,80.6,89,20,2.3,TO,2021-04-23 21:06:41
576,Aklavik,68.2191,-135.0107,33.8,51,75,4.61,CA,2021-04-23 21:06:41
577,Shingu,33.7333,135.9833,57.38,72,100,2.93,JP,2021-04-23 21:06:41
578,Chuy,-33.6971,-53.4616,67.78,81,23,13.67,UY,2021-04-23 21:06:42
579,Havelock,34.8791,-76.9013,64.4,36,40,13.8,US,2021-04-23 21:06:42
580,Thompson,55.7435,-97.8558,26.6,54,90,13.8,CA,2021-04-23 21:06:42
581,Praia Da Vitoria,38.7333,-27.0667,59.0,67,40,35.05,PT,2021-04-23 21:06:43
582,Lebu,-37.6167,-73.65,57.76,81,41,7.87,CL,2021-04-23 21:06:43
583,Hambantota,6.1241,81.1185,79.99,81,78,8.08,LK,2021-04-23 21:06:43
584,Panama City,8.9936,-79.5197,86.0,74,40,11.5,PA,2021-04-23 21:03:20
585,Luanda,-8.8368,13.2343,77.0,88,75,3.44,AO,2021-04-23 21:06:37
586,Atuona,-9.8,-139.0333,80.11,80,28,22.08,PF,2021-04-23 21:06:44
587,Mae Sot,16.7167,98.5667,74.98,95,92,1.97,TH,2021-04-23 21:06:44
588,Hermanus,-34.4187,19.2345,57.99,83,99,4.41,ZA,2021-04-23 21:06:44
589,Avarua,-21.2078,-159.775,82.4,74,75,16.11,CK,2021-04-23 21:06:45
590,Nouakchott,18.0858,-15.9785,66.2,88,4,13.8,MR,2021-04-23 21:06:45
591,Kamenka,51.3223,42.7678,42.01,94,9,7.14,RU,2021-04-23 21:06:45
592,Barahona,18.2085,-71.1008,84.2,79,20,18.41,DO,2021-04-23 21:06:45
593,Mahebourg,-20.4081,57.7,78.8,78,75,10.36,MU,2021-04-23 21:06:46
594,Amga,60.8953,131.9608,21.0,93,99,6.24,RU,2021-04-23 21:06:46
595,Castro,-24.7911,-50.0119,59.77,72,6,3.67,BR,2021-04-23 21:06:46
596,Bredasdorp,-34.5322,20.0403,50.0,93,99,4.61,ZA,2021-04-23 21:06:47
597,The Woodlands,30.158,-95.4894,73.99,94,90,12.66,US,2021-04-23 21:06:47
598,Trairi,-3.2778,-39.2689,79.52,80,100,9.37,BR,2021-04-23 21:06:47
599,Touros,-5.1989,-35.4608,84.2,70,20,11.5,BR,2021-04-23 21:02:55
600,Upernavik,72.7868,-56.1549,32.94,77,100,6.42,GL,2021-04-23 21:06:47
601,Sakaiminato,35.55,133.2333,50.0,100,75,1.14,JP,2021-04-23 21:05:13
602,Korla,41.7597,86.1469,44.55,61,45,10.83,CN,2021-04-23 21:06:48
603,Quatre Cocos,-20.2078,57.7625,79.0,78,75,10.36,MU,2021-04-23 21:06:48
604,Puerto Ayora,-0.7393,-90.3518,84.2,70,20,17.27,EC,2021-04-23 21:06:17
605,Petrolina,-9.3986,-40.5008,78.8,83,0,5.75,BR,2021-04-23 21:06:48
606,Ahuimanu,21.4447,-157.8378,82.4,65,75,9.22,US,2021-04-23 21:03:17
607,Kapaa,22.0752,-159.319,80.6,65,20,17.27,US,2021-04-23 21:04:10
608,Nouadhibou,20.931,-17.0347,66.2,77,0,18.41,MR,2021-04-23 21:06:49
609,Tasiilaq,65.6145,-37.6368,37.4,48,75,4.61,GL,2021-04-23 21:06:49
610,Port Alfred,-33.5906,26.891,66.51,73,0,21.39,ZA,2021-04-23 21:06:49
611,Dunedin,-45.8742,170.5036,55.99,88,55,3.0,NZ,2021-04-23 21:05:05
612,Saskylakh,71.9167,114.0833,33.58,96,100,18.95,RU,2021-04-23 21:06:50
613,Phan Thiet,10.9333,108.1,77.38,83,89,5.82,VN,2021-04-23 21:06:50
614,Abeche,13.8292,20.8324,88.47,13,50,10.51,TD,2021-04-23 21:06:50
615,Kodiak,57.79,-152.4072,39.2,87,90,5.75,US,2021-04-23 21:06:51
616,Tiksi,71.6872,128.8694,4.64,98,97,7.18,RU,2021-04-23 21:06:51
617,Jacareacanga,-6.2222,-57.7528,79.72,94,80,0.98,BR,2021-04-23 21:06:51
618,Filipesti,46.75,26.8833,39.2,93,0,3.44,RO,2021-04-23 21:06:51
619,Poya,-21.35,165.15,76.91,84,92,3.85,NC,2021-04-23 21:06:52
620,Wenling,28.3669,121.36,68.0,79,86,6.22,CN,2021-04-23 21:06:52
621,Jiaozuo,35.2397,113.2331,57.47,75,100,4.25,CN,2021-04-23 21:06:52
622,Moree,-29.4667,149.85,46.4,81,24,8.05,AU,2021-04-23 21:06:53
623,Coos Bay,43.3665,-124.2179,55.0,66,1,10.36,US,2021-04-23 21:05:53
624,Broken Hill,-31.95,141.4333,48.2,76,61,7.92,AU,2021-04-23 21:06:53
625,Tuktoyaktuk,69.4541,-133.0374,14.0,67,75,11.5,CA,2021-04-23 21:05:17
626,Port Elizabeth,-33.918,25.5701,62.6,88,40,9.22,ZA,2021-04-23 21:06:53
627,Corowa,-36.0333,146.3833,39.99,93,11,2.8,AU,2021-04-23 21:06:54
628,Lavrentiya,65.5833,-171.0,32.47,74,29,0.96,RU,2021-04-23 21:02:18
629,Buraydah,26.326,43.975,84.2,17,0,6.91,SA,2021-04-23 21:06:54
630,Les Trois-Ilets,14.539,-61.0361,84.2,61,20,13.8,MQ,2021-04-23 21:06:54
631,Gaoua,10.2992,-3.2508,88.57,38,89,8.63,BF,2021-04-23 21:02:17
632,Wawa,9.9022,4.4192,85.24,54,69,4.83,NG,2021-04-23 21:06:55
633,Marzuq,14.4,46.4667,70.3,58,12,5.73,YE,2021-04-23 21:06:55
634,Maragogi,-9.0122,-35.2225,78.82,79,1,7.02,BR,2021-04-23 21:02:56
635,Labuhan,-6.8844,112.2051,75.58,84,11,5.3,ID,2021-04-23 21:06:55
636,Hofn,64.2539,-15.2082,44.6,87,75,2.3,IS,2021-04-23 21:06:56
637,Lagoa,39.05,-27.9833,57.81,74,10,33.64,PT,2021-04-23 21:06:56
638,Airai,-8.9266,125.4092,57.18,88,25,2.64,TL,2021-04-23 21:06:56
639,New Norfolk,-42.7826,147.0587,51.01,87,97,1.01,AU,2021-04-23 21:06:27
640,Kahului,20.8947,-156.47,80.6,61,40,20.71,US,2021-04-23 21:03:46
641,Mpika,-11.8343,31.4529,58.37,96,1,4.21,ZM,2021-04-23 21:06:57
642,Przhevalskoye,55.5093,31.8482,35.26,86,63,4.52,RU,2021-04-23 21:06:57
643,Hilo,19.7297,-155.09,75.2,73,90,6.91,US,2021-04-23 21:06:57
644,Gorin,51.1983,136.6669,32.79,70,94,4.63,RU,2021-04-23 21:06:57
645,Bilibino,68.0546,166.4372,18.23,87,100,4.07,RU,2021-04-23 21:06:58
646,Tolmezzo,46.4075,13.0175,55.99,68,1,4.43,IT,2021-04-23 21:06:58
647,Jieshi,22.8134,115.8257,71.38,84,1,10.87,CN,2021-04-23 21:06:58
648,Esperance,-33.8667,121.9,55.4,94,95,11.5,AU,2021-04-23 21:06:59
649,Tiznit,29.5833,-9.5,60.78,62,63,6.24,MA,2021-04-23 21:06:59
650,Viedma,-40.8135,-62.9967,68.83,41,58,7.58,AR,2021-04-23 21:06:59
651,Qaqortoq,60.7167,-46.0333,46.4,49,3,8.05,GL,2021-04-23 21:06:59
652,Riyadh,24.6877,46.7219,82.4,13,0,5.75,SA,2021-04-23 21:06:34
653,Flint,43.0125,-83.6875,60.8,29,75,17.27,US,2021-04-23 21:02:54
654,Arica,-18.475,-70.3042,69.8,64,0,12.66,CL,2021-04-23 21:07:00
655,Kokopo,-4.352,152.2633,76.69,86,99,1.14,PG,2021-04-23 21:07:00
656,Port Lincoln,-34.7333,135.8667,58.75,75,74,3.8,AU,2021-04-23 21:07:00
657,Anadyr,64.75,177.4833,12.2,92,0,6.71,RU,2021-04-23 21:07:01
658,Mazamari,-11.3258,-74.5308,85.77,55,49,1.01,PE,2021-04-23 21:07:01
659,Bantogon,6.5333,124.0333,78.13,80,100,3.13,PH,2021-04-23 21:07:01
660,Saint George,37.1041,-113.5841,79.0,10,1,18.41,US,2021-04-23 21:07:00
661,Mayo,38.8876,-76.5119,63.0,29,1,6.91,US,2021-04-23 21:07:02
662,Nikolskoye,59.7035,30.7861,41.0,75,40,6.71,RU,2021-04-23 21:07:02
663,Butaritari,3.0707,172.7902,82.51,75,92,10.85,KI,2021-04-23 21:07:02
664,Georgetown,5.4112,100.3354,79.0,89,40,3.44,MY,2021-04-23 21:07:03
665,San Andres,12.5847,-81.7006,86.0,62,20,11.5,CO,2021-04-23 21:07:03
666,Aberdeen,57.1437,-2.0981,42.8,87,100,2.3,GB,2021-04-23 21:02:47
667,Qasigiannguit,68.8193,-51.1922,37.4,65,84,2.3,GL,2021-04-23 21:04:14
668,Jumla,29.2747,82.1838,45.66,79,92,6.2,NP,2021-04-23 21:07:03
669,Ternate,0.8,127.4,81.39,78,85,4.56,ID,2021-04-23 21:07:04
670,Bonfim,3.0833,-59.95,89.71,47,75,9.62,BR,2021-04-23 21:07:04
671,Provideniya,64.3833,-173.3,39.0,60,89,3.78,RU,2021-04-23 21:07:04
672,Esil,51.9556,66.4042,42.98,42,100,15.77,KZ,2021-04-23 21:07:04
673,Grand Gaube,-20.0064,57.6608,78.01,79,99,5.01,MU,2021-04-23 21:03:08
674,Yellowknife,62.456,-114.3525,16.0,53,75,11.5,CA,2021-04-23 21:07:05
675,Ixtapa,20.7,-105.2,84.2,61,1,11.5,MX,2021-04-23 21:02:08
676,Severo-Kurilsk,50.6789,156.125,35.67,93,99,7.76,RU,2021-04-23 21:07:05
677,Yanam,16.7333,82.2167,76.41,83,99,2.13,IN,2021-04-23 21:07:05
678,Zhob,31.3411,69.4481,64.0,43,0,1.7,PK,2021-04-23 21:07:06
679,Klyuchi,52.2667,79.1667,32.4,65,3,7.49,RU,2021-04-23 21:07:06
680,Yeniseysk,58.4497,92.1703,26.2,96,44,2.66,RU,2021-04-23 21:07:06
681,Santa Cruz De La Palma,28.6835,-17.7642,69.8,64,40,4.61,ES,2021-04-23 21:07:06
682,Morro Bay,35.3658,-120.8499,63.0,73,6,1.01,US,2021-04-23 21:07:07
683,Belyy Yar,53.6039,91.3903,30.2,51,0,4.47,RU,2021-04-23 21:07:07
684,Morrope,-6.5417,-80.0111,73.4,64,0,23.02,PE,2021-04-23 21:07:07
685,Malanje,-9.5402,16.341,63.77,93,78,3.18,AO,2021-04-23 21:06:46
686,Shinpokh,34.3292,71.1782,68.0,45,0,11.5,PK,2021-04-23 21:07:08
687,Zapolyarnyy,69.4154,30.8136,30.2,80,0,4.61,RU,2021-04-23 21:07:08
688,Hobyo,5.3505,48.5268,83.59,65,59,10.4,SO,2021-04-23 21:07:08
689,Qaanaaq,77.484,-69.3632,23.31,82,100,5.19,GL,2021-04-23 21:07:08
690,Havre,49.5833,0.3333,53.6,47,0,9.22,FR,2021-04-23 21:07:09
691,Araraquara,-21.7944,-48.1756,67.35,54,0,6.62,BR,2021-04-23 21:07:09
692,Tsiroanomandidy,-18.7667,46.0333,66.18,83,52,3.4,MG,2021-04-23 21:07:09
693,Aviles,43.5547,-5.9248,64.4,55,20,5.75,ES,2021-04-23 21:07:10
694,Lorengau,-2.0226,147.2712,79.88,77,93,3.85,PG,2021-04-23 21:07:10
695,Lompoc,34.6391,-120.4579,60.8,59,0,9.22,US,2021-04-23 21:05:01
696,Mareeba,-17.0,145.4333,75.2,78,40,10.36,AU,2021-04-23 21:07:10
697,Mar Del Plata,-38.0023,-57.5575,75.2,64,75,6.91,AR,2021-04-23 21:05:33
698,Sosnovo-Ozerskoye,52.5249,111.5418,27.48,37,100,3.67,RU,2021-04-23 21:07:11
699,Padang,-0.9492,100.3543,75.94,84,100,4.16,ID,2021-04-23 21:07:11
700,Nanakuli,21.3906,-158.1547,84.2,48,40,10.36,US,2021-04-23 21:07:11
701,Guerrero Negro,27.9769,-114.0611,65.3,58,17,20.85,MX,2021-04-23 21:04:39
702,Los Llanos De Aridane,28.6585,-17.9182,69.8,64,40,4.61,ES,2021-04-23 21:03:55
703,Trelew,-43.249,-65.3051,59.32,52,2,23.53,AR,2021-04-23 21:04:08
704,Dingle,10.9995,122.6711,76.15,84,100,3.6,PH,2021-04-23 21:04:03
705,Yubari,43.0378,141.9578,43.0,87,75,8.05,JP,2021-04-23 21:07:12
706,Laguna,38.421,-121.4238,75.99,43,1,12.66,US,2021-04-23 21:07:12
707,Cabo San Lucas,22.8909,-109.9124,84.2,47,40,8.05,MX,2021-04-23 21:02:43
708,San Jeronimo,-11.9472,-75.2829,61.3,55,32,5.3,PE,2021-04-23 21:07:12
709,Kruisfontein,-34.0033,24.7314,59.0,89,5,1.99,ZA,2021-04-23 21:07:13
710,Pangnirtung,66.1451,-65.7125,26.6,86,75,2.3,CA,2021-04-23 21:05:20
711,Banda Aceh,5.5577,95.3222,79.99,78,100,11.41,ID,2021-04-23 21:07:13
712,Arraial Do Cabo,-22.9661,-42.0278,75.2,83,0,18.41,BR,2021-04-23 21:07:13
713,Imeni Poliny Osipenko,52.4201,136.4853,31.64,68,34,1.88,RU,2021-04-23 21:07:14
714,Rocky Mount,35.9382,-77.7905,64.4,25,1,6.91,US,2021-04-23 21:07:14
715,Bambous Virieux,-20.3428,57.7575,79.0,78,75,10.36,MU,2021-04-23 21:07:14
716,Antalaha,-14.9003,50.2788,73.11,92,99,5.55,MG,2021-04-23 21:07:14
717,Komsomolskiy,40.4272,71.7189,53.6,54,5,4.61,UZ,2021-04-23 21:07:15
718,Taunggyi,20.7833,97.0333,67.24,54,3,3.15,MM,2021-04-23 21:07:15
719,Torbay,47.6666,-52.7314,45.0,65,75,21.85,CA,2021-04-23 21:03:20
720,Koraput,18.8167,82.7167,74.57,53,25,1.99,IN,2021-04-23 21:07:15
721,Nawashahr,31.1167,76.1333,66.29,59,0,4.23,IN,2021-04-23 21:07:16
722,Hare Bay,48.8499,-54.0148,44.6,45,48,13.8,CA,2021-04-23 21:07:16
723,Blagoyevo,63.3667,47.9167,48.87,75,99,8.59,RU,2021-04-23 21:07:16
724,Bulgan,48.8125,103.5347,26.67,96,100,4.07,MN,2021-04-23 21:07:16
725,Fortuna,40.5982,-124.1573,62.01,76,1,12.66,US,2021-04-23 21:06:34
726,Batagay,67.6333,134.6333,2.35,98,84,1.59,RU,2021-04-23 21:07:17
727,Ayr,55.4627,-4.6339,50.0,57,0,2.3,GB,2021-04-23 21:07:17
728,Pacific Grove,36.6177,-121.9166,61.0,59,75,13.8,US,2021-04-23 21:07:17
729,Tura,25.5198,90.2201,72.41,33,87,3.38,IN,2021-04-23 21:07:18
730,Ola,59.5833,151.2833,25.93,94,98,5.14,RU,2021-04-23 21:07:18
731,Kangaatsiaq,68.3065,-53.4641,33.22,74,100,6.6,GL,2021-04-23 21:07:18
732,Bengkulu,-3.8004,102.2655,73.83,89,87,3.49,ID,2021-04-23 21:07:19
733,Slave Lake,55.2834,-114.769,37.4,30,1,5.75,CA,2021-04-23 21:07:19
734,Ust-Kulom,61.6864,53.6902,39.54,92,23,4.54,RU,2021-04-23 21:07:19
735,Waingapu,-9.6567,120.2641,74.46,82,1,6.06,ID,2021-04-23 21:07:19
736,Maceio,-9.6658,-35.7353,78.8,83,0,6.91,BR,2021-04-23 21:07:20
737,Ust-Maya,60.4167,134.5333,24.33,93,100,5.19,RU,2021-04-23 21:07:20
738,Daokou,35.5639,114.5058,53.92,75,100,18.92,CN,2021-04-23 21:07:20
739,Talnakh,69.4865,88.3972,31.51,97,100,10.27,RU,2021-04-23 21:07:21
740,Sault Sainte Marie,46.5168,-84.3333,62.6,27,90,6.91,CA,2021-04-23 21:06:31
741,Teya,60.3778,92.6267,20.12,98,53,0.89,RU,2021-04-23 21:07:21
742,Cidreira,-30.1811,-50.2056,70.61,77,1,17.85,BR,2021-04-23 21:07:21
743,Vilhena,-12.7406,-60.1458,84.2,65,40,5.75,BR,2021-04-23 21:07:22
744,Dakar,14.6937,-17.4441,69.8,88,75,13.8,SN,2021-04-23 21:07:22
745,Ropczyce,50.0523,21.6089,42.01,87,0,10.36,PL,2021-04-23 21:07:22
746,Port Augusta,-32.5,137.7667,50.0,87,75,5.75,AU,2021-04-23 21:07:22
747,Edd,13.9297,41.6925,86.74,61,1,13.13,ER,2021-04-23 21:07:23
748,Tigbao,12.5546,123.3389,81.0,78,100,7.58,PH,2021-04-23 21:07:23
749,Atar,20.5169,-13.0499,83.19,11,0,5.44,MR,2021-04-23 21:07:23
750,Krasnoarmeysk,51.0239,45.6969,48.99,64,85,3.0,RU,2021-04-23 21:07:24
751,Dudinka,69.4058,86.1778,31.64,97,100,19.06,RU,2021-04-23 21:07:24
752,Vung Tau,10.346,107.0843,79.38,83,95,6.8,VN,2021-04-23 21:07:24
753,Sao Joao Da Barra,-21.6403,-41.0511,77.0,65,0,9.22,BR,2021-04-23 21:07:25
754,Kalaleh,37.3807,55.4916,57.07,89,98,6.46,IR,2021-04-23 21:07:26
755,Llanes,43.4198,-4.7549,64.99,59,25,5.12,ES,2021-04-23 21:07:26
756,Gobabis,-22.45,18.9667,62.96,26,0,9.51,NA,2021-04-23 21:07:26
757,Coquimbo,-29.9533,-71.3436,64.4,59,40,11.5,CL,2021-04-23 21:07:26
758,Ribeira Grande,38.5167,-28.7,59.0,72,40,28.77,PT,2021-04-23 21:07:27
759,Erenhot,43.6475,111.9767,48.76,37,20,22.35,CN,2021-04-23 21:04:08
760,Plettenberg Bay,-34.0527,23.3716,62.04,90,5,7.25,ZA,2021-04-23 21:07:27
761,Canico,32.6333,-16.85,66.2,68,40,6.91,PT,2021-04-23 21:07:27
762,Chulym,55.0997,80.9572,31.77,85,6,6.22,RU,2021-04-23 21:07:28
763,Henties Bay,-22.116,14.2845,64.0,85,6,5.91,NA,2021-04-23 21:07:28
764,Arlit,18.7369,7.3853,89.2,7,38,11.65,NE,2021-04-23 21:07:28
765,Leningradskiy,69.3833,178.4167,28.04,85,100,1.3,RU,2021-04-23 21:07:29
766,Ambon,-3.6954,128.1814,78.8,89,40,3.44,ID,2021-04-23 21:07:29
767,East London,-33.0153,27.9116,65.05,76,10,10.63,ZA,2021-04-23 21:07:29
768,Meulaboh,4.1363,96.1285,76.93,85,100,2.75,ID,2021-04-23 21:07:29
769,Oum Hadjer,13.2954,19.6966,92.08,12,87,6.8,TD,2021-04-23 21:07:30
770,Paamiut,61.994,-49.6678,33.44,77,1,2.06,GL,2021-04-23 21:07:30
771,Toora-Khem,52.4675,96.11,30.63,74,100,0.87,RU,2021-04-23 21:07:30
772,Bethel,41.3712,-73.414,63.0,20,1,14.97,US,2021-04-23 21:03:57
773,Vardo,70.3705,31.1107,33.8,69,40,11.5,NO,2021-04-23 21:07:31
774,Ambulu,-8.345,113.6058,72.55,89,14,2.91,ID,2021-04-23 21:07:31
775,Norman Wells,65.282,-126.8329,30.2,40,40,11.5,CA,2021-04-23 21:07:31
776,Mitu,1.1983,-70.1733,80.49,88,59,1.9,CO,2021-04-23 21:07:32
777,Lamar,33.6668,-95.5836,63.0,94,90,17.27,US,2021-04-23 21:07:32
778,Magistralnyy,56.1725,107.4458,23.67,93,100,2.64,RU,2021-04-23 21:07:32
779,Saldanha,-33.0117,17.9442,59.0,77,77,5.75,ZA,2021-04-23 21:05:59
780,Parnamirim,-5.9156,-35.2628,84.2,74,20,12.66,BR,2021-04-23 21:03:30
781,Ambilobe,-13.2,49.05,73.38,82,93,4.12,MG,2021-04-23 21:07:33
782,Grindavik,63.8424,-22.4338,46.4,87,90,19.57,IS,2021-04-23 21:07:33
783,Camabatela,-8.1881,15.375,62.85,98,100,2.37,AO,2021-04-23 21:07:33
784,Oranjemund,-28.55,16.4333,61.27,88,56,5.41,NA,2021-04-23 21:04:50
785,Luderitz,-26.6481,15.1594,63.63,80,46,8.39,NA,2021-04-23 21:07:34
786,Socorro,31.6546,-106.3033,75.0,8,1,14.97,US,2021-04-23 21:04:15
787,San Cristobal,7.7669,-72.225,89.6,58,20,9.22,VE,2021-04-23 21:07:34
788,Vacaria,-28.5122,-50.9339,59.23,58,1,0.6,BR,2021-04-23 21:05:04
789,Birjand,32.8663,59.2211,62.6,13,0,6.91,IR,2021-04-23 21:07:34
790,Zhanaozen,43.3,52.8,53.24,63,1,9.51,KZ,2021-04-23 21:07:35
791,Maningrida,-12.0667,134.2667,72.1,81,42,10.8,AU,2021-04-23 21:07:35
792,Biharamulo,-2.6319,31.3089,61.59,95,23,3.49,TZ,2021-04-23 21:07:35
793,Hami,42.8,93.45,45.48,26,35,11.05,CN,2021-04-23 21:07:36
794,Bongandanga,1.5,21.05,70.12,99,100,2.82,CD,2021-04-23 21:07:36
795,Sanmenxia,34.7747,111.1814,55.56,93,100,5.23,CN,2021-04-23 21:07:36
796,Santa Maria,-29.6842,-53.8069,82.4,39,20,8.05,BR,2021-04-23 21:07:36
797,Quelimane,-17.8786,36.8883,69.87,85,0,1.97,MZ,2021-04-23 21:07:37
798,Taloqan,36.7361,69.5345,57.18,41,0,4.23,AF,2021-04-23 21:07:37
799,Barrow,71.2906,-156.7887,19.4,79,1,3.44,US,2021-04-23 21:04:14
800,Vostok,46.4856,135.8833,40.96,85,100,6.4,RU,2021-04-23 21:06:57
801,Hithadhoo,-0.6,73.0833,81.91,74,8,7.45,MV,2021-04-23 21:07:37
802,Vila Franca Do Campo,37.7167,-25.4333,59.0,72,40,17.27,PT,2021-04-23 21:07:38
803,Yulara,-25.2406,130.9889,51.8,66,0,5.75,AU,2021-04-23 21:07:38
804,Carnarvon,-24.8667,113.6333,64.4,77,0,8.05,AU,2021-04-23 21:07:38
805,Yigou,35.8114,114.3167,53.94,75,100,20.07,CN,2021-04-23 21:07:39
806,Souillac,-20.5167,57.5167,78.8,78,75,10.36,MU,2021-04-23 21:07:39
807,Lujan,-34.5703,-59.105,77.0,68,0,5.75,AR,2021-04-23 21:07:39
808,Staryy Nadym,65.6118,72.6842,34.41,99,100,11.36,RU,2021-04-23 21:07:39
809,Kaele,10.1092,14.4508,94.66,28,94,8.21,CM,2021-04-23 21:07:40
810,Kaitangata,-46.2817,169.8464,51.01,82,21,5.99,NZ,2021-04-23 21:07:40
811,Isiro,2.7739,27.616,65.91,98,100,1.86,CD,2021-04-23 21:07:40
812,Karagay,58.2667,54.9368,37.81,92,90,4.81,RU,2021-04-23 21:07:41
813,Terrace,54.5163,-128.6035,59.0,26,20,8.05,CA,2021-04-23 21:04:21
814,Jimeta,9.2833,12.4667,89.87,42,100,5.73,NG,2021-04-23 21:07:41
815,Bourail,-21.5667,165.4833,75.76,84,77,3.22,NC,2021-04-23 21:07:41
816,Villaviciosa,43.4813,-5.4357,64.99,59,57,5.41,ES,2021-04-23 21:07:42
817,Manokwari,-0.8667,134.0833,78.58,80,100,2.04,ID,2021-04-23 21:07:42
818,Ewa Beach,21.3156,-158.0072,84.2,48,40,10.36,US,2021-04-23 21:07:42
819,Cap-Aux-Meules,47.3821,-61.8597,35.6,87,100,21.85,CA,2021-04-23 21:07:42
820,Chizhou,30.6578,117.4831,59.13,94,41,5.59,CN,2021-04-23 21:07:43
821,Menomonie,44.8755,-91.9193,55.4,46,90,6.91,US,2021-04-23 21:07:43
822,Saint-Augustin,51.226,-58.6502,33.24,86,100,13.47,CA,2021-04-23 21:07:43
823,Moron,-34.6534,-58.6198,75.2,57,0,8.05,AR,2021-04-23 21:07:43
824,Srednekolymsk,67.45,153.6833,9.63,94,100,17.02,RU,2021-04-23 21:04:19
825,Paso De Los Toros,-32.8167,-56.5167,73.4,60,0,6.91,UY,2021-04-23 21:07:44
826,Montepuez,-13.1256,38.9997,69.85,83,86,6.2,MZ,2021-04-23 21:07:44
827,Russell,32.3502,-85.1999,73.4,28,20,8.05,US,2021-04-23 21:07:44
828,Belaya Gora,68.5333,146.4167,4.89,97,97,3.98,RU,2021-04-23 21:07:45
829,Nanortalik,60.1432,-45.2371,36.77,85,17,3.51,GL,2021-04-23 21:07:45
830,Agapovka,53.2973,59.1348,42.8,87,90,6.71,RU,2021-04-23 21:07:45
831,Kencong,-8.2833,113.3667,73.08,86,6,2.84,ID,2021-04-23 21:07:45
832,Castlebar,53.85,-9.3,55.0,58,100,5.99,IE,2021-04-23 21:07:46
833,Kamiiso,41.8167,140.65,47.52,64,87,2.39,JP,2021-04-23 21:07:46
834,Ambanja,-13.6833,48.45,74.61,91,100,2.8,MG,2021-04-23 21:07:46
835,Sandpoint,48.2766,-116.5533,57.0,43,40,8.05,US,2021-04-23 21:07:47
836,Linjiang,41.8069,126.9078,50.23,67,100,2.1,CN,2021-04-23 21:07:47
837,Marawi,7.9986,124.2928,73.99,91,100,5.01,PH,2021-04-23 21:07:47
838,Sorong,-0.8833,131.25,78.6,87,85,7.0,ID,2021-04-23 21:07:47
839,Hamilton,39.1834,-84.5333,59.0,44,90,10.36,US,2021-04-23 21:07:48
840,Shiyan,32.6475,110.7781,56.03,94,100,8.79,CN,2021-04-23 21:07:48
841,Chokurdakh,70.6333,147.9167,-6.41,97,80,1.99,RU,2021-04-23 21:07:48
842,Okhotsk,59.3833,143.3,16.5,69,2,19.28,RU,2021-04-23 21:07:49
843,Phalaborwa,-23.943,31.1411,66.2,72,8,8.05,ZA,2021-04-23 21:07:49
844,Kloulklubed,7.0419,134.2556,75.2,94,75,6.76,PW,2021-04-23 21:07:49
845,Olinda,-8.0089,-34.8553,80.6,69,40,5.75,BR,2021-04-23 21:07:50
846,Beloha,-25.1667,45.05,70.81,77,27,8.88,MG,2021-04-23 21:07:50
847,Prince Rupert,54.3161,-130.3201,53.6,58,1,6.91,CA,2021-04-23 21:07:03
848,Tabuk,17.4189,121.4443,68.83,83,18,3.13,PH,2021-04-23 21:07:50
849,Adre,13.4667,22.2,84.81,16,92,9.17,TD,2021-04-23 21:07:50
850,Bathsheba,13.2167,-59.5167,82.4,57,40,17.27,BB,2021-04-23 21:07:51
851,Cadiz,36.5,-5.75,64.99,67,0,3.44,ES,2021-04-23 21:07:51
852,Vrangel,42.7297,133.0839,46.31,61,100,6.06,RU,2021-04-23 21:07:51
853,Anahuac,27.2333,-100.15,93.2,38,40,6.91,MX,2021-04-23 21:07:52
854,Bandarbeyla,9.4942,50.8122,83.37,73,100,7.76,SO,2021-04-23 21:07:52
855,Tiarei,-17.5333,-149.3333,84.2,65,75,4.61,PF,2021-04-23 21:07:52
856,Todos Santos,23.45,-110.2167,68.0,68,3,5.99,MX,2021-04-23 21:07:52
857,Hibbing,47.4272,-92.9377,46.4,71,90,6.91,US,2021-04-23 21:07:15
858,Tecoanapa,16.5167,-98.75,86.45,51,100,11.21,MX,2021-04-23 21:07:53
859,Camacupa,-12.0167,17.4833,65.01,72,93,0.81,AO,2021-04-23 21:07:53
860,Bubaque,11.2833,-15.8333,78.33,71,2,17.36,GW,2021-04-23 21:07:14
861,Killybegs,54.6333,-8.45,55.4,44,0,9.22,IE,2021-04-23 21:07:53
862,Nova Olimpia,-14.7972,-57.2881,84.07,58,11,2.04,BR,2021-04-23 21:07:54
863,Saint Anthony,45.0205,-93.218,48.2,87,90,4.61,US,2021-04-23 21:07:54
864,Qandala,11.472,49.8728,84.78,69,2,7.27,SO,2021-04-23 21:07:54
865,Igarka,67.4667,86.5833,26.78,92,41,15.41,RU,2021-04-23 21:07:55
866,Redmond,47.674,-122.1215,63.0,56,99,7.4,US,2021-04-23 21:05:28
867,Codrington,-38.2667,141.9667,53.11,88,100,7.52,AU,2021-04-23 21:04:06
868,Isangel,-19.55,169.2667,80.06,80,76,10.51,VU,2021-04-23 21:06:00
869,Aguilas,37.4063,-1.5829,60.01,90,100,7.0,ES,2021-04-23 21:07:55
870,Namatanai,-3.6667,152.4333,77.16,86,100,4.09,PG,2021-04-23 21:07:55
871,Manhattan,40.7834,-73.9662,64.99,19,1,12.66,US,2021-04-23 21:05:15
872,Chanika,-5.4167,38.0167,66.45,94,6,3.74,TZ,2021-04-23 21:07:56
873,Xichang,27.8964,102.2634,58.84,60,31,2.44,CN,2021-04-23 21:03:50
874,Tessalit,20.1986,1.0114,88.75,6,0,7.34,ML,2021-04-23 21:07:56
875,Pevek,69.7008,170.3133,10.36,91,52,4.36,RU,2021-04-23 21:07:56
876,Constitucion,-35.3333,-72.4167,60.96,64,0,9.86,CL,2021-04-23 21:05:56
877,Beringovskiy,63.05,179.3167,25.57,82,99,7.47,RU,2021-04-23 21:03:38
878,Ilhabela,-23.7781,-45.3581,71.02,86,35,7.25,BR,2021-04-23 21:07:57
879,Nishihara,26.1842,127.7558,68.0,94,90,16.11,JP,2021-04-23 21:07:57
880,Walvis Bay,-22.9575,14.5053,64.4,68,6,2.3,NA,2021-04-23 21:07:57
881,Deshnok,27.7986,73.3447,76.24,37,0,10.04,IN,2021-04-23 21:07:58
882,Morehead,37.2711,-87.1764,60.8,44,90,9.22,US,2021-04-23 21:07:58
883,Bucerias,20.75,-105.3333,82.4,65,1,11.5,MX,2021-04-23 21:07:58
884,Chapais,49.7834,-74.8492,50.0,25,1,18.41,CA,2021-04-23 21:03:34
885,Boyolangu,-8.1181,111.8935,72.54,88,5,0.38,ID,2021-04-23 21:07:58
886,Chicama,-7.8447,-79.1469,64.4,88,20,9.22,PE,2021-04-23 21:07:59
887,Neuquen,-38.9516,-68.0591,69.8,40,0,6.91,AR,2021-04-23 21:06:45
888,Sorland,67.667,12.6934,33.8,75,40,13.8,NO,2021-04-23 21:07:59
889,Aljezur,37.3191,-8.8033,62.65,90,100,11.61,PT,2021-04-23 21:07:59
890,Wanning,18.8003,110.3967,76.89,89,24,8.77,CN,2021-04-23 21:07:47
891,Auki,-8.7676,160.7034,79.38,81,9,2.82,SB,2021-04-23 21:04:37
892,Jalu,29.0331,21.5482,78.93,14,0,11.74,LY,2021-04-23 21:08:00
893,Te Anau,-45.4167,167.7167,45.64,87,64,2.62,NZ,2021-04-23 21:08:00
894,Mitsamiouli,-11.3847,43.2844,80.64,79,79,12.8,KM,2021-04-23 21:08:00
895,Durango,24.8333,-104.8333,79.12,8,65,25.57,MX,2021-04-23 21:03:13
896,Nioro,13.35,-15.75,81.14,41,3,12.77,GM,2021-04-23 21:08:01
897,Kondinskoye,59.6481,67.41,45.48,90,100,4.43,RU,2021-04-23 21:08:01
898,Danville,36.586,-79.395,62.01,29,90,9.22,US,2021-04-23 21:08:01
899,Mindelo,16.8901,-24.9804,71.6,60,20,24.16,CV,2021-04-23 21:08:02
900,Nurota,40.5614,65.6886,57.2,44,100,11.5,UZ,2021-04-23 21:08:02
901,Gazanjyk,39.2446,55.5154,62.17,66,85,11.12,TM,2021-04-23 21:08:02
902,Uige,-7.6087,15.0613,68.09,97,100,3.02,AO,2021-04-23 21:04:15
903,Launceston,-41.45,147.1667,48.99,87,40,12.66,AU,2021-04-23 21:05:16
904,Cherskiy,68.75,161.3,20.75,94,100,7.4,RU,2021-04-23 21:08:03
905,Khatanga,71.9667,102.5,33.06,97,100,21.21,RU,2021-04-23 21:08:03
906,Lyngseidet,69.5763,20.2189,35.6,69,75,3.44,NO,2021-04-23 21:08:03
907,Zhengjiatun,43.5064,123.5064,48.87,92,89,7.0,CN,2021-04-23 21:08:04
908,Nantucket,41.2835,-70.0995,50.0,57,1,25.32,US,2021-04-23 21:07:16
909,Akdepe,42.0551,59.3788,64.4,32,0,9.22,TM,2021-04-23 21:08:04
910,Piacabucu,-10.4056,-36.4344,79.09,80,37,8.03,BR,2021-04-23 21:08:04
911,Cockburn Town,21.4612,-71.1419,82.4,65,40,9.22,TC,2021-04-23 21:08:04
912,Zhezkazgan,47.8043,67.7144,39.06,30,95,18.05,KZ,2021-04-23 21:08:05
913,Petropavlovskaya,45.0819,40.4512,52.18,69,100,3.98,RU,2021-04-23 21:08:05
914,Kathmandu,27.7167,85.3167,59.0,67,20,2.3,NP,2021-04-23 21:08:05
915,Alenquer,-1.9417,-54.7383,84.2,74,20,10.36,BR,2021-04-23 21:05:07
916,Kalach-Na-Donu,48.691,43.5264,48.2,81,0,8.95,RU,2021-04-23 21:08:06
917,Klaksvik,62.2266,-6.589,42.8,100,20,8.05,FO,2021-04-23 21:08:06
918,Iqaluit,63.7506,-68.5145,28.4,93,90,3.44,CA,2021-04-23 21:08:06
919,Sheopur,25.6667,76.7,83.03,21,5,6.53,IN,2021-04-23 21:08:06
920,Seoul,37.5683,126.9778,60.8,36,0,8.05,KR,2021-04-23 21:08:07
921,Tuy Hoa,13.0833,109.3,75.79,90,57,3.76,VN,2021-04-23 21:08:07
922,Geraldton,-28.7667,114.6,59.0,88,90,6.91,AU,2021-04-23 21:08:07
923,Meget,52.415,104.0494,32.0,37,0,4.47,RU,2021-04-23 21:08:08
924,Zemio,5.0314,25.1361,69.62,93,50,3.11,CF,2021-04-23 21:08:08
925,Minab,27.1467,57.0801,82.4,61,95,6.91,IR,2021-04-23 21:08:08
926,Bozeman,45.6796,-111.0386,43.0,56,1,4.5,US,2021-04-23 21:08:07
927,Tomino,41.9877,-8.755,60.01,94,75,3.44,ES,2021-04-23 21:08:08
928,Winnipeg,49.8844,-97.147,37.0,38,100,6.91,CA,2021-04-23 21:05:22
929,Vytegra,61.0064,36.4481,40.53,94,100,3.15,RU,2021-04-23 21:08:09
930,Biltine,14.5333,20.9167,89.26,12,78,10.27,TD,2021-04-23 21:08:09
931,Kokstad,-30.5472,29.4241,45.77,93,35,2.59,ZA,2021-04-23 21:08:09
932,Longyearbyen,78.2186,15.6401,14.0,67,40,10.36,SJ,2021-04-23 21:08:10
933,Bloomsburg,41.0037,-76.4549,64.99,26,9,5.01,US,2021-04-23 21:08:10
934,Sept-Iles,50.2001,-66.3821,37.99,87,83,5.75,CA,2021-04-23 21:08:10
935,Miles City,46.4083,-105.8406,39.2,48,90,4.61,US,2021-04-23 21:03:34
936,Dubbo,-32.25,148.6167,37.4,100,100,4.61,AU,2021-04-23 21:08:11
937,Nhulunbuy,-12.2333,136.7667,80.6,54,95,13.8,AU,2021-04-23 21:08:11
938,Buala,-8.145,159.5921,81.54,74,14,2.51,SB,2021-04-23 21:08:11
939,Eureka,40.8021,-124.1637,61.0,64,100,3.0,US,2021-04-23 21:07:51
940,Aykhal,66.0,111.5,17.55,89,91,7.18,RU,2021-04-23 21:08:11
941,Ayan,56.45,138.1667,24.15,79,97,6.17,RU,2021-04-23 21:08:12
942,Westport,41.1415,-73.3579,63.0,22,1,16.11,US,2021-04-23 21:08:12
943,Shatalovo,54.334,32.4465,36.86,77,98,5.39,RU,2021-04-23 21:08:12
944,Taihe,30.8712,105.3845,64.22,88,100,11.59,CN,2021-04-23 21:08:13
945,Sitka,57.0531,-135.33,59.0,23,1,10.36,US,2021-04-23 21:08:13
946,Prieska,-29.6641,22.7474,69.94,24,0,6.67,ZA,2021-04-23 21:08:13
947,Salta,-24.7859,-65.4117,71.6,64,75,10.36,AR,2021-04-23 21:08:13
948,Port Shepstone,-30.7414,30.455,65.14,78,84,8.48,ZA,2021-04-23 21:08:14
949,Ugra,54.7777,34.3267,38.32,83,100,3.6,RU,2021-04-23 21:08:14
950,Ketchikan,55.3422,-131.6461,55.4,38,1,10.36,US,2021-04-23 21:08:14
951,Noshiro,40.2039,140.0242,47.07,63,14,4.88,JP,2021-04-23 21:08:14
952,Leua,48.2156,18.6071,44.01,60,1,5.99,SK,2021-04-23 21:08:15
953,Kingsport,36.5484,-82.5618,57.99,35,75,5.75,US,2021-04-23 21:08:10
954,Eagle Pass,28.7091,-100.4995,91.4,49,40,5.75,US,2021-04-23 21:08:15
955,Hudiksvall,61.729,17.1036,35.01,58,40,5.01,SE,2021-04-23 21:08:15
956,Ormond Beach,29.2858,-81.0559,73.99,60,1,12.66,US,2021-04-23 21:03:29
957,Half Moon Bay,37.4636,-122.4286,66.2,82,75,8.05,US,2021-04-23 21:08:16
958,Kushmurun,52.4503,64.6311,47.07,41,100,14.32,KZ,2021-04-23 21:08:16
959,Newcastle,-32.9272,151.7765,55.0,87,100,9.22,AU,2021-04-23 21:04:14
960,Kjollefjord,70.9457,27.3465,30.2,69,20,4.61,NO,2021-04-23 21:08:16
961,Bogande,12.9714,-0.1436,94.71,9,81,8.28,BF,2021-04-23 21:08:17
962,Port Hedland,-20.3167,118.5667,66.2,45,0,5.75,AU,2021-04-23 21:08:17
963,Honiara,-9.4333,159.95,79.79,83,46,1.72,SB,2021-04-23 21:07:35
964,Alofi,-19.0595,-169.9187,80.6,94,40,4.61,NU,2021-04-23 21:08:17
965,Taoudenni,22.6783,-3.9836,92.97,6,0,10.22,ML,2021-04-23 21:08:18
966,Kodinsk,58.6881,99.1844,28.26,93,77,2.35,RU,2021-04-23 21:08:18
967,Jhang,33.6748,72.6963,63.0,72,0,6.62,PK,2021-04-23 21:08:18
968,Petropavlovsk-Kamchatskiy,53.0452,158.6483,35.6,93,40,2.24,RU,2021-04-23 21:04:02
969,Maarianhamina,60.0973,19.9348,35.6,69,0,9.22,AX,2021-04-23 21:08:18
970,Umm Lajj,25.0213,37.2685,84.54,42,4,5.26,SA,2021-04-23 21:07:52
971,Margate,51.3813,1.3862,48.0,71,48,1.99,GB,2021-04-23 21:03:57
972,Safaga,26.7292,33.9365,78.8,29,0,13.8,EG,2021-04-23 21:08:19
973,Igrim,63.1906,64.4162,39.47,92,65,5.93,RU,2021-04-23 21:08:19
974,Naze,28.3667,129.4833,65.59,69,100,27.04,JP,2021-04-23 21:08:19
975,Lao Cai,22.4833,103.95,77.94,92,62,1.45,VN,2021-04-23 21:08:20
976,Casablanca,33.5928,-7.6192,62.6,88,75,5.75,MA,2021-04-23 21:03:34
977,Svetlyy,54.675,20.1347,37.99,86,0,6.71,RU,2021-04-23 21:08:20
978,Yunyang,33.4474,112.7142,52.54,92,100,19.48,CN,2021-04-23 21:08:20
979,Bom Jesus,-9.0744,-44.3586,80.96,63,47,2.39,BR,2021-04-23 21:08:21
980,Jingdezhen,29.2947,117.2079,61.47,93,9,4.74,CN,2021-04-23 21:08:21
981,Gimli,50.6336,-96.9907,28.4,59,99,19.57,CA,2021-04-23 21:08:21
982,Tulun,54.5611,100.5792,31.66,64,100,9.78,RU,2021-04-23 21:08:22
983,Mandalgovi,45.7625,106.2708,41.81,46,100,24.94,MN,2021-04-23 21:08:06
984,Shimoda,34.6667,138.95,53.01,66,100,3.0,JP,2021-04-23 21:08:22
985,Tara,56.8944,74.371,32.38,72,46,6.31,RU,2021-04-23 21:08:22
986,Gazojak,41.1875,61.4036,71.92,12,100,9.6,TM,2021-04-23 21:08:22
987,Sioux Lookout,50.1001,-91.917,37.4,56,75,6.91,CA,2021-04-23 21:08:23
988,Ulladulla,-35.35,150.4667,51.01,76,26,10.36,AU,2021-04-23 21:08:23
989,Richards Bay,-28.783,32.0377,63.82,84,76,9.73,ZA,2021-04-23 21:08:23
990,Shubarkuduk,49.1447,56.4872,51.4,54,100,15.68,KZ,2021-04-23 21:08:24
991,Sao Gabriel Da Cachoeira,-0.1303,-67.0892,82.11,81,99,0.85,BR,2021-04-23 21:08:24
992,Warmbad,-28.45,18.7333,74.82,22,7,7.96,NA,2021-04-23 21:08:24
993,Opuwo,-18.0607,13.84,72.7,36,74,4.18,NA,2021-04-23 21:08:25
994,Wichian Buri,15.6578,101.106,83.07,71,64,5.68,TH,2021-04-23 21:08:25
995,Rincon,32.296,-81.2354,71.01,37,75,8.05,US,2021-04-23 21:08:25
996,Aksu,41.1231,80.2644,50.99,43,0,6.46,CN,2021-04-23 21:07:58
997,Huarmey,-10.0681,-78.1522,71.69,77,11,10.65,PE,2021-04-23 21:08:25
998,Horki,54.2861,30.9842,36.01,78,100,6.26,BY,2021-04-23 21:08:26
999,Maldonado,-34.6667,-54.9167,73.99,73,0,4.61,UY,2021-04-23 21:08:26
1000,Shakawe,-18.3667,21.85,63.59,41,1,5.61,BW,2021-04-23 21:08:26
1001,Golkoy,40.6875,37.6178,50.0,100,0,4.61,TR,2021-04-23 21:08:27
1002,Xinzhou,38.4092,112.7333,51.73,76,100,4.68,CN,2021-04-23 21:08:27
1003,Mangan,27.5167,88.5333,62.46,53,10,8.34,IN,2021-04-23 21:08:27
1004,Husavik,66.0449,-17.3389,46.4,76,0,4.61,IS,2021-04-23 21:08:27
1005,Beihai,21.4833,109.1,77.79,87,8,10.51,CN,2021-04-23 21:08:28
1006,Barra Do Garcas,-15.89,-52.2567,87.8,37,0,4.61,BR,2021-04-23 21:07:51
1007,Inirida,3.8653,-67.9239,83.26,78,93,3.18,CO,2021-04-23 21:06:31
1008,Magadan,59.5667,150.8,25.27,94,94,3.42,RU,2021-04-23 21:08:28
1009,Price,39.5994,-110.8107,62.6,17,75,20.71,US,2021-04-23 21:08:28
1010,Namibe,-15.1961,12.1522,78.69,77,1,6.58,AO,2021-04-23 21:08:29
1011,Despotovac,44.0925,21.4469,43.03,76,7,2.93,RS,2021-04-23 21:08:29
1012,Thai Nguyen,21.5928,105.8442,78.8,100,75,6.91,VN,2021-04-23 21:08:29
1013,Coxim,-18.5067,-54.76,88.7,28,2,4.63,BR,2021-04-23 21:08:29
1014,Buguda,19.8167,84.8,78.85,80,38,3.4,IN,2021-04-23 21:08:30
1015,Toumodi,6.5613,-5.0158,84.2,70,75,7.45,CI,2021-04-23 21:08:30
1016,Marrakesh,31.6315,-8.0083,71.6,43,40,10.36,MA,2021-04-23 21:05:49
1017,Mtimbira,-8.7833,36.35,69.84,93,11,2.89,TZ,2021-04-23 21:08:30
1018,Kez,57.8979,53.7152,37.53,94,77,4.94,RU,2021-04-23 21:08:31
1019,West Bend,43.4253,-88.1834,60.01,33,75,9.22,US,2021-04-23 21:03:52
1020,Korem,12.5058,39.5228,60.08,53,100,4.9,ET,2021-04-23 21:08:31
1021,Mizdah,31.4451,12.9801,61.5,55,48,14.79,LY,2021-04-23 21:08:31
1022,Kenora,49.8167,-94.4337,32.0,64,90,14.97,CA,2021-04-23 21:07:38
1023,Tianpeng,30.9866,103.9393,68.0,1,59,2.3,CN,2021-04-23 21:08:32
1024,Hasaki,35.7333,140.8333,46.4,87,20,3.44,JP,2021-04-23 21:08:32
1025,Betare Oya,5.6,14.0833,69.87,86,100,3.56,CM,2021-04-23 21:08:32
1026,Damietta,31.4165,31.8133,64.4,88,0,11.5,EG,2021-04-23 21:08:32
1027,Itoman,26.1247,127.6694,68.0,83,75,16.11,JP,2021-04-23 21:08:33
1028,Alta Floresta,-9.8756,-56.0861,78.8,94,75,1.14,BR,2021-04-23 21:08:33
1029,Antsohihy,-14.8796,47.9875,72.79,92,96,3.62,MG,2021-04-23 21:08:33
1030,Tutin,42.9903,20.3314,40.62,93,100,2.64,RS,2021-04-23 21:08:34
1031,Sayyan,15.1718,44.3244,60.13,29,5,3.24,YE,2021-04-23 21:05:55
1032,Ballina,-28.8667,153.5667,53.01,93,3,6.55,AU,2021-04-23 21:08:34
1033,Sahuaripa,29.05,-109.2333,83.62,10,0,9.73,MX,2021-04-23 21:08:34
1034,Pasni,25.2631,63.471,80.96,77,0,10.65,PK,2021-04-23 21:08:35
1035,Pemangkat,1.1667,108.9667,78.1,81,67,7.14,ID,2021-04-23 21:08:35
1036,Areosa,41.7178,-8.8571,60.8,94,75,6.91,PT,2021-04-23 21:08:35
1037,San Patricio,28.017,-97.5169,86.0,70,40,25.32,US,2021-04-23 21:08:35
1038,Mount Gambier,-37.8333,140.7667,48.2,100,40,8.05,AU,2021-04-23 21:08:36
1039,Flin Flon,54.7682,-101.865,30.2,37,40,13.8,CA,2021-04-23 21:08:26
1040,Kalmunai,7.4167,81.8167,80.06,80,3,1.68,LK,2021-04-23 21:08:36
1041,Sechura,-5.5569,-80.8222,79.7,56,8,14.0,PE,2021-04-23 21:08:36
1042,Buzdyak,54.5833,54.55,44.08,94,100,9.15,RU,2021-04-23 21:08:36
1043,Hvolsvollur,63.7533,-20.2243,44.01,88,100,5.99,IS,2021-04-23 21:08:37
1044,Upington,-28.4478,21.2561,69.8,24,0,6.91,ZA,2021-04-23 21:08:37
1045,Mackay,-21.15,149.2,68.0,88,90,10.36,AU,2021-04-23 21:04:13
1046,Uthal,25.8072,66.6219,82.81,51,0,6.15,PK,2021-04-23 21:08:14
1047,Shwebo,22.5667,95.7,86.72,28,26,6.51,MM,2021-04-23 21:08:37
1048,Itarema,-2.9248,-39.9167,79.7,79,28,11.79,BR,2021-04-23 21:08:38
1049,Portland,45.5234,-122.6762,61.0,47,90,6.91,US,2021-04-23 21:05:22
1050,Roald,62.5833,6.1333,34.0,93,40,9.33,NO,2021-04-23 21:08:38
1051,Gusau,12.1628,6.6614,90.37,30,14,3.04,NG,2021-04-23 21:08:38
1052,Ngaoundere,7.3167,13.5833,67.73,85,100,2.8,CM,2021-04-23 21:08:39
1053,Grand-Santi,4.25,-54.3833,76.82,96,93,4.18,GF,2021-04-23 21:08:39
1054,Ponta Do Sol,32.6667,-17.1,59.0,81,47,4.0,PT,2021-04-23 21:08:39
1055,Pingliang,35.5392,106.6861,48.67,96,100,5.79,CN,2021-04-23 21:08:39
1056,Ngunguru,-35.6167,174.5,64.0,90,2,5.01,NZ,2021-04-23 21:08:40
1057,Novikovo,51.1537,37.8879,49.15,86,93,9.26,RU,2021-04-23 21:08:40
1058,Rupert,42.6191,-113.6772,62.6,23,1,13.8,US,2021-04-23 21:08:40
1059,Ostrovnoy,68.0531,39.5131,32.9,88,100,17.81,RU,2021-04-23 21:08:41
1060,Flinders,-34.5833,150.8552,48.99,80,86,1.01,AU,2021-04-23 21:03:51
1061,Nokha,27.6,73.4167,75.76,38,0,9.01,IN,2021-04-23 21:08:41
1062,Khashuri,41.9941,43.5999,46.0,70,3,4.63,GE,2021-04-23 21:08:41
1063,College,64.8569,-147.8028,55.4,30,20,8.05,US,2021-04-23 21:08:42
1064,Abakaliki,6.3163,8.1169,81.09,78,100,7.02,NG,2021-04-23 21:08:42
1065,Coihaique,-45.5752,-72.0662,50.0,66,75,4.61,CL,2021-04-23 21:08:42
1066,Kerman,30.2832,57.0788,66.2,20,20,4.25,IR,2021-04-23 21:08:42
1067,Anito,12.4497,125.2886,77.31,87,100,7.7,PH,2021-04-23 21:08:43
1068,Shizunai,42.3339,142.3669,42.69,75,100,4.83,JP,2021-04-23 21:04:19
1069,Sembe,1.6481,14.5806,72.66,96,97,2.04,CG,2021-04-23 21:08:43
1070,Hokitika,-42.7167,170.9667,54.81,85,11,3.98,NZ,2021-04-23 21:08:43
1071,Pangody,65.85,74.4859,33.94,99,100,11.27,RU,2021-04-23 21:08:43
1072,Faya,18.3851,42.4509,64.4,77,20,4.61,SA,2021-04-23 21:08:44
1073,Svetlogorsk,52.6333,29.7333,36.0,83,67,8.19,BY,2021-04-23 21:06:38
1074,Kehtna,58.9303,24.8781,32.0,95,100,10.22,EE,2021-04-23 21:08:44
1075,Caconda,-13.7333,15.0667,64.83,64,100,3.74,AO,2021-04-23 21:08:44
1076,Ozinki,51.1786,49.6769,44.56,95,100,7.16,RU,2021-04-23 21:08:45
1077,Rochester,43.1548,-77.6156,59.0,33,20,20.71,US,2021-04-23 21:05:53
1078,Long,18.0761,99.8326,86.0,49,51,2.66,TH,2021-04-23 21:08:45
1079,Mount Isa,-20.7333,139.5,64.4,29,24,11.5,AU,2021-04-23 21:08:45
1080,Sibolga,1.7427,98.7792,75.65,88,100,2.86,ID,2021-04-23 21:08:46
1081,Caravelas,-17.7125,-39.2481,75.31,81,51,6.73,BR,2021-04-23 21:08:46
1082,Ancud,-41.8697,-73.8203,57.0,76,75,5.75,CL,2021-04-23 21:05:23
1083,Kemijarvi,66.7131,27.4306,30.04,96,100,14.09,FI,2021-04-23 21:08:46
1084,South Venice,27.0531,-82.4243,86.0,54,20,11.5,US,2021-04-23 21:08:47
1085,Muros,42.7762,-9.0603,61.0,87,54,1.99,ES,2021-04-23 21:08:47
1086,Santa Cruz,-17.8,-63.1667,71.6,100,75,8.05,BO,2021-04-23 21:08:47
1087,Kushima,31.4583,131.2333,63.9,72,48,14.54,JP,2021-04-23 21:08:47
1088,Marsabit,2.3284,37.9899,67.68,73,35,9.08,KE,2021-04-23 21:08:48
1089,Satipo,-11.2522,-74.6386,85.51,57,36,0.69,PE,2021-04-23 21:08:48
1090,Poum,-20.2333,164.0167,78.55,79,92,7.99,NC,2021-04-23 21:08:48
1091,Prabumulih,-3.45,104.25,72.57,98,96,2.28,ID,2021-04-23 21:08:49
1092,Thinadhoo,0.5333,72.9333,82.29,68,10,8.39,MV,2021-04-23 21:08:49
1093,Harnosand,62.6323,17.9379,39.0,41,75,19.57,SE,2021-04-23 21:08:49
1094,Zelhem,52.0067,6.3486,45.0,76,90,10.36,NL,2021-04-23 21:08:49
1095,Dryden,49.7833,-92.7503,32.0,74,90,10.36,CA,2021-04-23 21:08:50
1096,Berlevag,70.8578,29.0864,28.4,80,20,10.36,NO,2021-04-23 21:08:50
1097,Mildura,-34.2,142.15,48.2,87,75,4.61,AU,2021-04-23 21:08:50
1098,Beira,-19.8436,34.8389,73.4,83,20,5.84,MZ,2021-04-23 21:08:51
1099,Ochsenfurt,49.6643,10.0623,46.0,80,1,4.07,DE,2021-04-23 21:08:51
